ticker,date,open,high,low,close,volume
MMM,2025-03-20,151.65,153.65,151.09,151.27,2579066
MMM,2025-03-19,151.19,153.97,150.92,153.21,2344346
MMM,2025-03-18,152.57,153.21,150.5,150.92,3038475
MMM,2025-03-17,150.37,153.98,150.0,153.21,4562191
MMM,2025-03-14,147.92,150.79,147.0557,150.41,4094429
MMM,2025-03-13,150.275,151.24,145.91,146.1,3295006
MMM,2025-03-12,148.31,151.24,147.2,150.24,4196724
MMM,2025-03-11,145.73,149.49,145.63,147.54,5818437
MMM,2025-03-10,143.47,149.18,143.12,147.62,4962646
MMM,2025-03-07,144.69,147.215,140.78,146.3,5891090
MMM,2025-03-06,146.39,148.13,145.7487,146.94,4492429
MMM,2025-03-05,146.76,149.04,145.9991,147.61,3909783
MMM,2025-03-04,150.5,151.0399,145.62,145.86,6787379
MMM,2025-03-03,155.5,156.35,151.9,153.42,5672857
MMM,2025-02-28,151.5,155.5,151.0,155.12,8323108
MMM,2025-02-27,148.77,152.56,148.21,150.52,6576004
MMM,2025-02-26,144.385,149.26,141.76,147.43,5783358
MMM,2025-02-25,145.425,147.56,145.34,146.54,4358789
MMM,2025-02-24,144.98,146.4,143.87,145.48,3447463
MMM,2025-02-21,149.08,149.535,144.56,144.98,4278667
MMM,2025-02-20,149.99,150.09,148.04,149.08,2231527
MMM,2025-02-19,148.07,150.36,148.07,150.2,3216915
MMM,2025-02-18,148.175,149.485,147.995,148.99,2601531
MMM,2025-02-14,147.89,149.55,147.74,148.62,2388382
MMM,2025-02-13,149.11,149.72,147.53,148.72,2047063
MMM,2025-02-12,148.7,150.07,148.16,148.87,2103079
MMM,2025-02-11,149.31,150.38,148.5671,150.07,2187764
MMM,2025-02-10,150.16,150.6,148.13,149.69,3531493
MMM,2025-02-07,152.5,152.9,149.54,149.87,3356757
MMM,2025-02-06,152.7,153.47,151.57,152.32,2760375
MMM,2025-02-05,152.46,153.62,150.74,152.45,2841574
MMM,2025-02-04,149.46,152.76,149.32,151.68,3110352
MMM,2025-02-03,149.18,151.63,148.15,150.04,3556258
MMM,2025-01-31,154.99,155.0,152.13,152.2,4164492
MMM,2025-01-30,152.0,154.65,151.83,154.4,3962501
MMM,2025-01-29,151.5,152.78,150.64,151.54,3996082
MMM,2025-01-28,151.32,152.96,149.7901,151.4,4286762
MMM,2025-01-27,149.0,152.0,148.91,151.52,4929615
MMM,2025-01-24,148.9,150.1,148.4012,149.43,4858639
MMM,2025-01-23,149.45,150.46,148.4103,149.63,4439380
MMM,2025-01-22,147.88,152.08,147.41,149.12,7077793
MMM,2025-01-21,145.5,150.0,145.0,146.89,11368492
MMM,2025-01-17,139.65,141.66,139.5,141.03,5724458
MMM,2025-01-16,138.025,139.5,136.44,139.18,4122742
MMM,2025-01-15,138.21,138.85,137.12,137.78,4114327
MMM,2025-01-14,134.62,137.7,134.47,137.21,4629047
MMM,2025-01-13,130.73,134.73,129.54,134.6,4207293
MMM,2025-01-10,133.83,133.9,130.63,131.21,4661931
MMM,2025-01-08,132.03,134.68,131.66,134.53,4675990
MMM,2025-01-07,130.09,132.8,130.01,132.77,3414840
MMM,2025-01-06,130.82,131.409,129.88,130.29,3067149
MMM,2025-01-03,129.7,130.86,129.2974,129.87,2273763
MMM,2025-01-02,130.29,131.62,128.98,129.7,3249067
MMM,2024-12-31,129.2,130.05,128.66,129.09,2220414
MMM,2024-12-30,129.12,129.92,127.9234,129.13,2153994
MMM,2024-12-27,129.91,131.18,129.21,130.18,1842823
MMM,2024-12-26,130.33,131.4,129.23,131.18,1485103
MMM,2024-12-24,128.74,130.36,128.09,130.36,803216
MMM,2024-12-23,128.5,129.19,127.75,128.98,2067478
MMM,2024-12-20,126.37,130.35,125.75,129.28,8351297
MMM,2024-12-19,126.65,127.738,125.71,127.13,3040663
MMM,2024-12-18,128.21,129.37,125.37,125.53,3748871
MMM,2024-12-17,128.41,129.36,127.6502,128.05,2693196
MMM,2024-12-16,129.9,130.2,128.86,129.47,3097874
MMM,2024-12-13,129.7,130.1625,128.9101,129.92,2382080
MMM,2024-12-12,129.65,130.6699,128.77,129.75,2915471
MMM,2024-12-11,130.27,130.67,129.26,129.77,4089900
MMM,2024-12-10,130.12,130.595,127.6,129.77,3225759
MMM,2024-12-09,133.1,133.85,131.27,131.49,3442505
MMM,2024-12-06,133.25,134.22,132.2,133.11,1912419
MMM,2024-12-05,130.82,135.58,130.45,133.33,4171989
MMM,2024-12-04,130.93,131.39,128.97,130.45,2503466
MMM,2024-12-03,132.89,133.23,130.74,131.15,2378362
MMM,2024-12-02,133.53,133.77,132.38,132.89,3002022
MMM,2024-11-29,132.86,133.74,132.04,133.53,1618282
MMM,2024-11-27,133.91,135.55,132.36,132.48,2579605
MMM,2024-11-26,129.99,133.23,129.65,132.95,3080298
MMM,2024-11-25,129.21,130.6,127.55,130.32,5075140
MMM,2024-11-22,127.69,128.48,126.37,128.42,3052490
MMM,2024-11-21,127.73,128.58,126.32,127.32,2544777
MMM,2024-11-20,128.0,128.19,127.1,127.84,1700740
MMM,2024-11-19,129.01,129.265,128.0,128.19,2600637
MMM,2024-11-18,129.78,130.3826,128.57,130.17,2433351
MMM,2024-11-15,130.11,131.25,129.71,129.79,1929226
MMM,2024-11-14,131.87,133.31,131.7701,132.32,2284136
MMM,2024-11-13,132.01,133.07,130.82,131.45,2675526
MMM,2024-11-12,132.8,133.2,128.47,130.35,3144974
MMM,2024-11-11,134.85,135.34,132.78,133.0,3791282
MMM,2024-11-08,133.45,135.02,133.2002,134.34,3466066
MMM,2024-11-07,133.36,134.8,132.48,133.07,3906572
MMM,2024-11-06,130.7,134.4,129.6,133.92,4803188
MMM,2024-11-05,125.5,127.9,124.83,126.52,3943782
MMM,2024-11-04,127.24,128.81,125.48,125.85,3643186
MMM,2024-11-01,128.47,128.52,126.85,127.22,3068858
MMM,2024-10-31,127.0,129.15,126.97,128.47,3408943
MMM,2024-10-30,129.0,129.45,127.42,127.56,2737150
MMM,2024-10-29,129.01,130.21,127.77,129.27,2820351
MMM,2024-10-28,126.65,130.8,126.06,130.29,5239178
MMM,2024-10-25,126.6,127.04,124.5,124.75,3774883
MMM,2024-10-24,128.035,128.94,125.87,126.47,5085135
AXP,2025-03-21,267.675,270.54,265.16,270.42,4225048
AXP,2025-03-20,269.03,274.55,268.22,270.83,2129461
AXP,2025-03-19,263.03,272.01,261.26,270.65,2894170
AXP,2025-03-18,264.6,265.5,260.46,262.72,3251729
AXP,2025-03-17,265.19,266.435,261.27,264.38,2975878
AXP,2025-03-14,260.145,266.66,259.0,265.63,4337169
AXP,2025-03-13,259.65,261.51,253.52,256.43,4194194
AXP,2025-03-12,260.18,262.82,255.0,260.75,5514889
AXP,2025-03-11,257.46,260.24,253.54,255.39,4925622
AXP,2025-03-10,267.71,268.59,257.45,261.32,4256018
AXP,2025-03-07,273.66,274.17,264.71,273.21,3817261
AXP,2025-03-06,279.8,282.16,274.53,275.64,2944193
AXP,2025-03-05,283.0,286.12,280.63,284.18,2569425
AXP,2025-03-04,291.57,291.775,277.58,283.47,5901177
AXP,2025-03-03,301.43,303.465,293.11,295.49,2342901
AXP,2025-02-28,296.29,301.07,294.97,300.96,3336314
AXP,2025-02-27,296.0,301.0,293.04,294.2,2032094
AXP,2025-02-26,295.14,299.3411,293.67,296.1,1899367
AXP,2025-02-25,296.99,298.409,289.53,293.34,2511713
AXP,2025-02-24,297.11,298.98,292.42,295.53,2450586
AXP,2025-02-21,304.94,304.94,293.8528,295.4,3280197
AXP,2025-02-20,309.72,309.96,298.69,303.86,2830301
AXP,2025-02-19,310.38,311.9999,306.87,309.92,2148248
AXP,2025-02-18,313.39,313.685,309.03,312.85,2024496
AXP,2025-02-14,307.43,311.85,307.42,311.04,1725509
AXP,2025-02-13,307.55,309.63,305.88,307.5,1975609
AXP,2025-02-12,306.85,307.96,303.91,306.4,2238615
AXP,2025-02-11,308.53,310.505,306.3444,309.57,1856192
AXP,2025-02-10,318.45,318.45,306.01,310.26,3227021
AXP,2025-02-07,320.83,321.4025,316.29,316.77,1607256
AXP,2025-02-06,323.1,323.25,317.205,320.15,1730588
AXP,2025-02-05,317.94,320.71,315.1,320.53,2065654
AXP,2025-02-04,315.25,317.36,313.11,315.83,1884457
AXP,2025-02-03,312.19,317.0,309.19,316.53,1997553
AXP,2025-01-31,320.91,321.6365,315.51,317.45,2034005
AXP,2025-01-30,317.0,321.894,316.0,318.95,2517669
AXP,2025-01-29,316.63,319.48,314.14,315.25,2155365
AXP,2025-01-28,316.64,317.87,310.72,317.04,2431418
AXP,2025-01-27,318.13,318.83,311.8386,316.42,3099121
AXP,2025-01-24,324.4,324.47,313.73,321.34,6260113
AXP,2025-01-23,323.55,326.275,321.9903,325.87,3935820
AXP,2025-01-22,318.31,322.82,317.677,322.25,2927409
AXP,2025-01-21,316.94,319.7,315.0,317.95,2779104
AXP,2025-01-17,313.02,315.4,310.77,312.56,2183457
AXP,2025-01-16,312.7,314.0,310.13,311.48,2361199
AXP,2025-01-15,305.0,313.96,304.21,312.32,3099514
AXP,2025-01-14,299.6,300.54,296.73,300.36,2370931
AXP,2025-01-13,292.52,297.71,291.1557,297.02,2202977
AXP,2025-01-10,300.43,301.315,293.16,293.3,2685527
AXP,2025-01-08,301.9,304.2,298.85,302.85,2061411
AXP,2025-01-07,304.0,304.375,296.85,302.02,2059050
AXP,2025-01-06,304.32,305.1536,300.1701,301.88,2713975
AXP,2025-01-03,300.68,303.425,297.53,303.08,1979833
AXP,2025-01-02,300.0,300.34,294.619,298.43,1930118
AXP,2024-12-31,298.05,298.87,295.67,296.79,1231551
AXP,2024-12-30,297.35,299.7,294.13,297.33,2393051
AXP,2024-12-27,300.85,305.09,298.71,301.05,1676011
AXP,2024-12-26,301.48,304.8899,301.01,303.99,1228978
AXP,2024-12-24,299.29,303.615,298.0,303.46,862881
AXP,2024-12-23,296.48,299.76,295.185,298.8,1902436
AXP,2024-12-20,292.35,302.72,292.0,298.65,6232414
AXP,2024-12-19,293.02,296.86,291.2,293.08,3541351
AXP,2024-12-18,302.6,303.59,286.43,287.78,3541224
AXP,2024-12-17,302.33,303.03,299.7,301.34,3611578
AXP,2024-12-16,303.7,304.2,300.835,303.57,1813997
AXP,2024-12-13,302.46,304.32,301.245,302.14,1661963
AXP,2024-12-12,303.63,304.45,300.26,300.3,1668441
AXP,2024-12-11,303.37,304.1299,299.54,302.34,2071545
AXP,2024-12-10,297.43,304.98,296.51,302.11,2968061
AXP,2024-12-09,304.07,305.07,296.16,296.72,2377947
AXP,2024-12-06,301.64,304.74,300.62,303.99,1797667
AXP,2024-12-05,302.28,303.425,300.32,300.53,2793669
AXP,2024-12-04,302.0,303.53,300.71,302.6,1561228
AXP,2024-12-03,303.84,304.99,301.14,302.11,2128671
AXP,2024-12-02,306.21,306.85,299.91,302.26,2167054
AXP,2024-11-29,307.25,307.79,304.67,304.68,1326646
AXP,2024-11-27,307.0,307.82,302.7901,304.25,1697344
AXP,2024-11-26,305.61,306.97,302.0,305.57,2130705
AXP,2024-11-25,303.05,305.8,302.5001,305.21,3478440
AXP,2024-11-22,293.4,301.92,292.51,301.3,3788898
AXP,2024-11-21,289.82,294.07,287.53,293.0,2410469
AXP,2024-11-20,286.15,288.33,285.09,287.71,2387656
AXP,2024-11-19,281.89,286.6199,281.31,285.55,2512936
AXP,2024-11-18,286.94,287.52,283.61,285.54,2074634
AXP,2024-11-15,288.0,290.55,285.49,286.87,2614568
AXP,2024-11-14,288.34,290.555,287.355,288.3,2979782
AXP,2024-11-13,287.92,290.61,287.435,287.64,2118132
AXP,2024-11-12,292.0,293.55,287.58,288.51,2251660
AXP,2024-11-11,290.49,294.18,290.43,292.97,2299530
AXP,2024-11-08,286.68,290.1002,285.945,287.6,1814377
AXP,2024-11-07,292.32,293.035,284.6474,286.82,3877331
AXP,2024-11-06,288.0,296.83,286.81,295.16,5380812
AXP,2024-11-05,271.72,276.18,271.1935,275.94,1859581
AXP,2024-11-04,272.33,272.82,269.71,270.19,1944015
AXP,2024-11-01,272.3,274.7453,270.95,272.69,2508471
AXP,2024-10-31,273.7,274.08,268.64,270.08,2315384
AXP,2024-10-30,271.0,275.07,270.27,274.08,2152864
AXP,2024-10-29,270.3,271.8,269.5801,270.43,1748966
AXP,2024-10-28,269.24,271.97,267.675,271.47,2336884
AXP,2024-10-25,271.65,273.17,266.345,267.35,2993298
AMGN,2025-03-21,311.82,316.46,311.18,316.04,9994371
AMGN,2025-03-20,314.175,315.99,312.24,315.04,2049719
AMGN,2025-03-19,317.51,318.92,313.4,315.75,1834297
AMGN,2025-03-18,317.56,319.31,315.18,318.65,2549593
AMGN,2025-03-17,314.64,318.66,311.785,317.17,2292900
AMGN,2025-03-14,312.23,314.5069,310.3,313.71,2396818
AMGN,2025-03-13,313.66,316.75,311.99,312.64,2062717
AMGN,2025-03-12,311.39,316.02,308.64,312.5,3182192
AMGN,2025-03-11,328.8,329.1,318.415,318.89,3080265
AMGN,2025-03-10,324.13,335.88,322.77,327.36,4109123
AMGN,2025-03-07,318.95,328.19,317.78,324.86,3944947
AMGN,2025-03-06,316.42,318.68,312.5,317.82,3076813
AMGN,2025-03-05,310.63,318.94,310.14,316.57,2629056
AMGN,2025-03-04,316.53,319.815,312.1,312.19,3819994
AMGN,2025-03-03,307.34,312.48,307.34,310.78,2970686
AMGN,2025-02-28,308.51,308.62,303.52,308.06,3173055
AMGN,2025-02-27,305.3,311.0,303.1,305.82,3249213
AMGN,2025-02-26,311.95,313.63,305.55,306.38,2787270
AMGN,2025-02-25,311.8,318.3,310.3,315.63,4365721
AMGN,2025-02-24,305.28,313.75,304.4,309.72,4286609
AMGN,2025-02-21,299.23,305.33,297.19,303.01,3261422
AMGN,2025-02-20,294.67,298.13,293.93,297.93,2319269
AMGN,2025-02-19,292.0,295.97,291.8,294.27,2806986
AMGN,2025-02-18,291.76,293.33,289.0,292.8,2162354
AMGN,2025-02-14,294.75,295.1624,290.45,291.16,2189386
AMGN,2025-02-13,297.55,298.35,293.55,296.97,2061657
AMGN,2025-02-12,293.82,296.2,292.625,295.06,2629881
AMGN,2025-02-11,290.56,297.945,288.36,296.66,3506965
AMGN,2025-02-10,296.88,296.88,290.67,294.79,2375707
AMGN,2025-02-07,299.16,299.61,292.58,293.54,3388400
AMGN,2025-02-06,309.49,309.49,297.12,297.78,4624483
AMGN,2025-02-05,290.69,308.22,289.525,307.81,5891191
AMGN,2025-02-04,285.58,290.4843,284.52,289.02,3262437
AMGN,2025-02-03,286.91,289.58,283.4,288.87,4473532
AMGN,2025-01-31,282.175,286.69,281.98,285.42,3800362
AMGN,2025-01-30,285.0,285.69,281.6388,284.02,2556068
AMGN,2025-01-29,280.03,283.0399,279.31,281.68,2454874
AMGN,2025-01-28,280.13,283.5,279.97,280.3,2735636
AMGN,2025-01-27,277.37,283.225,276.18,282.95,3493163
AMGN,2025-01-24,276.26,277.3625,273.5,275.42,2008793
AMGN,2025-01-23,273.44,278.0,272.32,277.88,2496017
AMGN,2025-01-22,272.66,275.015,272.0693,273.44,3518326
AMGN,2025-01-21,272.14,276.5,270.28,274.81,3928543
AMGN,2025-01-17,276.97,276.97,269.78,272.11,3244290
AMGN,2025-01-16,268.92,270.31,267.15,269.43,2684500
AMGN,2025-01-15,269.33,272.8179,268.585,268.94,3737536
AMGN,2025-01-14,271.61,271.61,264.91,267.1,2942309
AMGN,2025-01-13,262.11,270.49,261.28,270.19,3365901
AMGN,2025-01-10,260.79,264.79,260.55,262.23,2721957
AMGN,2025-01-08,261.97,264.25,259.82,264.21,2421944
AMGN,2025-01-07,260.22,265.2055,259.3537,262.06,3173716
AMGN,2025-01-06,259.05,261.19,257.05,258.59,4668535
AMGN,2025-01-03,260.0,262.08,259.7945,261.22,2979940
AMGN,2025-01-02,262.18,263.58,258.31,259.28,2357964
AMGN,2024-12-31,260.75,261.54,258.85,260.64,1966224
AMGN,2024-12-30,260.83,261.56,258.5,259.3,3039321
AMGN,2024-12-27,261.1,263.5,260.51,262.65,2157454
AMGN,2024-12-26,262.21,264.73,261.76,263.18,1637697
AMGN,2024-12-24,262.48,264.55,261.36,264.49,1520594
AMGN,2024-12-23,263.11,264.8,260.87,264.0,3025799
AMGN,2024-12-20,269.0,269.61,262.21,263.38,13687968
AMGN,2024-12-19,258.0,261.805,253.3,261.19,4726141
AMGN,2024-12-18,265.18,267.19,258.68,258.78,4093576
AMGN,2024-12-17,265.46,270.2561,264.8085,265.95,4742547
AMGN,2024-12-16,270.62,272.69,266.22,266.5,3711146
AMGN,2024-12-13,272.96,274.065,270.02,270.62,2906477
AMGN,2024-12-12,273.81,275.875,272.15,274.06,3749225
AMGN,2024-12-11,276.0,276.28,270.58,273.41,4493511
AMGN,2024-12-10,277.86,277.9,272.36,275.75,2791398
AMGN,2024-12-09,273.16,280.0,272.28,277.63,3222458
AMGN,2024-12-06,275.01,275.355,271.48,272.58,3970337
AMGN,2024-12-05,277.0,279.04,273.15,274.33,3186985
AMGN,2024-12-04,275.81,279.41,273.855,278.26,4174137
AMGN,2024-12-03,277.0,281.3799,276.5,278.32,5468847
AMGN,2024-12-02,282.08,282.391,276.89,278.1,4677815
AMGN,2024-11-29,279.46,283.64,277.64,282.87,2232846
AMGN,2024-11-27,279.0,282.69,278.0,280.07,6622764
AMGN,2024-11-26,264.22,280.34,257.8,280.01,17010332
AMGN,2024-11-25,293.55,297.3235,293.5001,294.0,4695856
AMGN,2024-11-22,290.84,295.48,288.78,294.53,3053317
AMGN,2024-11-21,288.18,291.11,284.1435,289.9,3553436
AMGN,2024-11-20,281.1,288.48,278.56,287.87,4759332
AMGN,2024-11-19,277.67,281.5997,275.56,279.95,3210454
AMGN,2024-11-18,279.38,281.36,276.56,278.76,3175879
AMGN,2024-11-15,291.5,291.5,279.62,283.61,5325131
AMGN,2024-11-14,297.91,298.48,292.325,295.93,3515674
AMGN,2024-11-13,306.0,307.43,298.91,301.44,3725596
AMGN,2024-11-12,319.59,321.22,293.8017,298.84,6680281
AMGN,2024-11-11,325.91,327.58,321.61,321.81,2457168
AMGN,2024-11-08,322.48,328.25,321.28,325.28,1978146
AMGN,2024-11-07,322.0,322.97,318.5419,321.91,2654860
AMGN,2024-11-06,325.0,325.39,318.17,321.79,2208869
AMGN,2024-11-05,316.16,319.52,313.0201,319.29,1472342
AMGN,2024-11-04,320.58,320.58,314.61,316.91,2090104
AMGN,2024-11-01,318.69,321.695,316.91,319.22,1826772
AMGN,2024-10-31,317.69,323.4,315.65,320.16,2713469
AMGN,2024-10-30,311.95,317.905,310.63,315.54,2223592
AMGN,2024-10-29,317.01,319.21,314.82,316.0,1466737
AMGN,2024-10-28,318.06,320.14,315.9,317.17,1815992
AMGN,2024-10-25,318.49,319.2,314.88,316.98,1604649
AMZN,2025-03-20,193.07,199.32,192.3,194.95,38921113
AMZN,2025-03-19,193.38,195.965,191.96,195.54,39442878
AMZN,2025-03-18,192.52,194.0,189.38,192.82,40414867
AMZN,2025-03-17,198.77,199.0,194.3247,195.74,47341752
AMZN,2025-03-14,197.41,198.65,195.32,197.95,38096663
AMZN,2025-03-13,198.165,198.8799,191.82,193.89,41270761
AMZN,2025-03-12,200.72,201.52,195.29,198.89,43679284
AMZN,2025-03-11,193.9,200.18,193.4,196.59,54002880
AMZN,2025-03-10,195.6,196.73,190.85,194.54,61829231
AMZN,2025-03-07,199.49,202.2653,192.53,199.25,59802821
AMZN,2025-03-06,204.4,205.77,198.3015,200.7,49863755
AMZN,2025-03-05,204.8,209.98,203.26,208.36,38610085
AMZN,2025-03-04,200.11,206.8,197.432,203.8,60853084
AMZN,2025-03-03,213.352,214.01,202.55,205.02,42948447
AMZN,2025-02-28,208.65,212.62,206.99,212.28,51771737
AMZN,2025-02-27,218.35,219.97,208.37,208.74,40548571
AMZN,2025-02-26,214.94,218.16,213.09,214.35,39120603
AMZN,2025-02-25,211.63,213.34,204.16,212.8,58957977
AMZN,2025-02-24,217.45,217.715,212.42,212.71,42387585
AMZN,2025-02-21,223.28,223.31,214.74,216.58,55323850
AMZN,2025-02-20,224.775,225.13,221.81,222.88,30001665
AMZN,2025-02-19,225.52,226.83,223.71,226.63,28566709
AMZN,2025-02-18,228.82,229.3,223.72,226.65,42975133
AMZN,2025-02-14,229.2,229.89,227.23,228.68,27031084
AMZN,2025-02-13,228.85,230.42,227.52,230.37,31346512
AMZN,2025-02-12,230.46,231.18,228.16,228.93,32285249
AMZN,2025-02-11,231.92,233.44,230.13,232.76,23713726
AMZN,2025-02-10,230.545,233.92,229.2,233.14,35419926
AMZN,2025-02-07,232.5,234.81,228.06,229.15,77539276
AMZN,2025-02-06,238.01,239.6599,236.01,238.83,60897095
AMZN,2025-02-05,237.02,238.32,235.2,236.17,38832042
AMZN,2025-02-04,239.01,242.52,238.03,242.06,29713812
AMZN,2025-02-03,234.06,239.25,232.9,237.42,37285868
AMZN,2025-01-31,236.5,240.29,236.41,237.68,36162377
AMZN,2025-01-30,237.14,237.95,232.22,234.64,32020728
AMZN,2025-01-29,239.015,240.39,236.15,237.07,26091716
AMZN,2025-01-28,234.29,241.77,233.98,238.15,41587188
AMZN,2025-01-27,226.21,235.61,225.86,235.42,49428332
AMZN,2025-01-24,234.5,236.4,232.93,234.85,25890738
AMZN,2025-01-23,234.1,235.52,231.51,235.42,26404364
AMZN,2025-01-22,232.02,235.44,231.19,235.01,41448217
AMZN,2025-01-21,228.9,231.78,226.94,230.71,39951456
AMZN,2025-01-17,225.84,226.51,223.08,225.94,42370123
AMZN,2025-01-16,224.42,224.65,220.31,220.66,24757276
AMZN,2025-01-15,222.83,223.57,220.75,223.35,31291257
AMZN,2025-01-14,220.44,221.82,216.2,217.76,24711650
AMZN,2025-01-13,218.06,219.4,216.47,218.46,27262655
AMZN,2025-01-10,221.46,221.71,216.5,218.94,36811525
AMZN,2025-01-08,223.185,223.52,220.2,222.13,25033292
AMZN,2025-01-07,227.9,228.381,221.46,222.11,28084164
AMZN,2025-01-06,226.78,228.835,224.84,227.61,31849831
AMZN,2025-01-03,222.505,225.36,221.62,224.19,27515606
AMZN,2025-01-02,222.03,225.15,218.19,220.22,33956579
AMZN,2024-12-31,222.965,223.2299,218.94,219.39,24819655
AMZN,2024-12-30,220.06,222.9972,218.43,221.3,28321240
AMZN,2024-12-27,225.6,226.03,220.9,223.75,27367147
AMZN,2024-12-26,228.5,228.5,226.6706,227.05,16174500
AMZN,2024-12-24,226.94,229.14,226.13,229.05,15007497
AMZN,2024-12-23,225.01,226.88,223.9,225.06,28070007
AMZN,2024-12-20,219.84,226.21,218.73,224.92,88279184
AMZN,2024-12-19,224.91,226.09,222.92,223.29,39918739
AMZN,2024-12-18,230.77,231.3999,220.11,220.52,43281443
AMZN,2024-12-17,232.39,232.73,227.85,231.15,35948131
AMZN,2024-12-16,230.23,233.0,228.01,232.93,37552096
AMZN,2024-12-13,228.4,230.2,225.8608,227.46,28768080
AMZN,2024-12-12,229.83,231.09,227.63,228.97,28204084
AMZN,2024-12-11,226.41,231.2,226.26,230.26,35385785
AMZN,2024-12-10,226.09,229.06,224.2002,225.04,31199864
AMZN,2024-12-09,227.21,230.08,225.67,226.09,46819363
AMZN,2024-12-06,220.75,227.15,220.6,227.03,44178069
AMZN,2024-12-05,218.03,222.15,217.3,220.55,41140220
AMZN,2024-12-04,215.96,220.0,215.75,218.16,48745716
AMZN,2024-12-03,210.31,214.02,209.65,213.44,32214828
AMZN,2024-12-02,209.96,212.99,209.5101,210.71,39523185
AMZN,2024-11-29,205.83,208.2,204.59,207.89,24892447
AMZN,2024-11-27,206.98,207.64,205.05,205.74,28061638
AMZN,2024-11-26,201.9,208.0,201.79,207.86,41673737
AMZN,2024-11-25,199.28,201.9499,199.0,201.45,40685672
AMZN,2024-11-22,198.25,199.2599,196.75,197.12,31530844
AMZN,2024-11-21,203.49,203.49,195.75,198.38,58800042
AMZN,2024-11-20,202.98,203.13,199.45,202.88,32768989
AMZN,2024-11-19,199.33,205.3,198.78,204.61,31197867
AMZN,2024-11-18,204.15,204.67,200.95,201.7,36512465
AMZN,2024-11-15,206.76,207.34,199.61,202.61,86591144
AMZN,2024-11-14,214.16,215.9,210.88,211.48,42620309
AMZN,2024-11-13,209.4,215.09,209.14,214.1,46212943
AMZN,2024-11-12,208.37,209.54,206.01,208.91,38942918
AMZN,2024-11-11,208.5,209.65,205.59,206.84,35456012
AMZN,2024-11-08,209.72,209.9633,207.44,208.18,36075846
AMZN,2024-11-07,207.44,212.25,207.19,210.05,52878383
AMZN,2024-11-06,200.01,207.55,199.14,207.09,72292167
AMZN,2024-11-05,196.04,199.82,195.99,199.5,30564784
AMZN,2024-11-04,196.45,197.33,194.3101,195.78,38492062
AMZN,2024-11-01,199.0,200.5,197.02,197.93,99687847
AMZN,2024-10-31,190.51,190.6,185.23,186.4,75146759
AMZN,2024-10-30,194.695,195.61,192.42,192.73,37707550
AMZN,2024-10-29,188.58,191.4599,187.815,190.83,35690158
AMZN,2024-10-28,189.565,190.21,188.21,188.39,27930836
AMZN,2024-10-25,187.85,190.45,187.53,187.83,29362060
AMZN,2024-10-24,185.25,187.11,183.86,186.38,21647395
AAPL,2025-03-20,213.99,217.4899,212.22,214.1,48862947
AAPL,2025-03-19,214.22,218.76,213.75,215.24,54385391
AAPL,2025-03-18,214.16,215.15,211.49,212.69,42432426
AAPL,2025-03-17,213.31,215.22,209.97,214.0,48073426
AAPL,2025-03-14,211.25,213.95,209.58,213.49,60107582
AAPL,2025-03-13,215.95,216.8394,208.42,209.68,61368330
AAPL,2025-03-12,220.14,221.75,214.91,216.98,62547467
AAPL,2025-03-11,223.805,225.8399,217.45,220.84,76137410
AAPL,2025-03-10,235.54,236.16,224.22,227.48,71451281
AAPL,2025-03-07,235.105,241.37,234.76,239.07,46273565
AAPL,2025-03-06,234.435,237.86,233.1581,235.33,45170419
AAPL,2025-03-05,235.42,236.55,229.23,235.74,47227643
AAPL,2025-03-04,237.705,240.07,234.68,235.93,53798062
AAPL,2025-03-03,241.79,244.0272,236.112,238.03,47183985
AAPL,2025-02-28,236.95,242.09,230.2,241.84,56833360
AAPL,2025-02-27,239.41,242.46,237.06,237.3,41153639
AAPL,2025-02-26,244.33,244.98,239.13,240.36,44433564
AAPL,2025-02-25,248.0,250.0,244.91,247.04,48013272
AAPL,2025-02-24,244.925,248.86,244.42,247.1,51326396
AAPL,2025-02-21,245.95,248.69,245.22,245.55,53197431
AAPL,2025-02-20,244.94,246.78,244.29,245.83,32316907
AAPL,2025-02-19,244.66,246.01,243.1604,244.87,32204215
AAPL,2025-02-18,244.15,245.18,241.84,244.47,48822491
AAPL,2025-02-14,241.25,245.55,240.99,244.6,40896227
AAPL,2025-02-13,236.91,242.3399,235.57,241.53,53614054
AAPL,2025-02-12,231.2,236.96,230.68,236.87,45243292
AAPL,2025-02-11,228.2,235.23,228.13,232.62,53718362
AAPL,2025-02-10,229.57,230.585,227.2,227.65,33115645
AAPL,2025-02-07,232.6,234.0,227.26,227.63,39707224
AAPL,2025-02-06,231.285,233.8,230.425,233.22,29925349
AAPL,2025-02-05,228.53,232.67,228.27,232.47,39664989
AAPL,2025-02-04,227.25,233.13,226.65,232.8,45067301
AAPL,2025-02-03,229.99,231.83,225.7,228.01,73063301
AAPL,2025-01-31,247.19,247.19,233.44,236.0,101075128
AAPL,2025-01-30,238.665,240.79,237.21,237.59,55658279
AAPL,2025-01-29,234.12,239.855,234.01,239.36,45486100
AAPL,2025-01-28,230.85,240.19,230.81,238.26,75707569
AAPL,2025-01-27,224.02,232.15,223.98,229.86,94863418
AAPL,2025-01-24,224.78,225.63,221.41,222.78,54697907
AAPL,2025-01-23,224.74,227.03,222.3,223.66,60234760
AAPL,2025-01-22,219.79,224.12,219.79,223.83,64126500
AAPL,2025-01-21,224.0,224.42,219.38,222.64,98070429
AAPL,2025-01-17,232.115,232.29,228.48,229.98,68488301
AAPL,2025-01-16,237.35,238.01,228.03,228.26,71759052
AAPL,2025-01-15,234.635,238.96,234.43,237.87,39831969
AAPL,2025-01-14,234.75,236.12,232.472,233.28,39435294
AAPL,2025-01-13,233.53,234.67,229.72,234.4,49630725
AAPL,2025-01-10,240.01,240.16,233.0,236.85,61710856
AAPL,2025-01-08,241.92,243.7123,240.05,242.7,37628940
AAPL,2025-01-07,242.98,245.55,241.35,242.21,40855960
AAPL,2025-01-06,244.31,247.33,243.2,245.0,45045571
AAPL,2025-01-03,243.36,244.18,241.89,243.36,40244114
AAPL,2025-01-02,248.93,249.1,241.8201,243.85,55740731
AAPL,2024-12-31,252.44,253.28,249.43,250.42,39480718
AAPL,2024-12-30,252.23,253.5,250.75,252.2,35557542
AAPL,2024-12-27,257.83,258.7,253.06,255.59,42355321
AAPL,2024-12-26,258.19,260.1,257.63,259.02,27262983
AAPL,2024-12-24,255.49,258.21,255.29,258.2,23234705
AAPL,2024-12-23,254.77,255.65,253.45,255.27,40858774
AAPL,2024-12-20,248.04,255.0,245.69,254.49,147495267
AAPL,2024-12-19,247.5,252.0,247.0949,249.79,60882264
AAPL,2024-12-18,252.16,254.28,247.74,248.05,56774101
AAPL,2024-12-17,250.08,253.83,249.78,253.48,51356360
AAPL,2024-12-16,247.99,251.38,247.65,251.04,51694753
AAPL,2024-12-13,247.815,249.2902,246.24,248.13,33155290
AAPL,2024-12-12,246.89,248.74,245.68,247.96,32777532
AAPL,2024-12-11,247.96,250.8,246.2601,246.49,45205814
AAPL,2024-12-10,246.89,248.21,245.34,247.77,36914806
AAPL,2024-12-09,241.83,247.24,241.75,246.75,44649232
AAPL,2024-12-06,242.905,244.63,242.08,242.84,36870619
AAPL,2024-12-05,243.99,244.54,242.13,243.04,40033878
AAPL,2024-12-04,242.87,244.11,241.25,243.01,44383935
AAPL,2024-12-03,239.81,242.76,238.9,242.65,38861017
AAPL,2024-12-02,237.27,240.79,237.16,239.59,48137103
AAPL,2024-11-29,234.81,237.81,233.97,237.33,28481377
AAPL,2024-11-27,234.465,235.69,233.8101,234.93,33498439
AAPL,2024-11-26,233.33,235.57,233.33,235.06,45986189
AAPL,2024-11-25,231.46,233.245,229.74,232.87,90152832
AAPL,2024-11-22,228.06,230.7199,228.06,229.87,38168252
AAPL,2024-11-21,228.88,230.155,225.7103,228.52,42108327
AAPL,2024-11-20,228.06,229.93,225.89,229.0,35169566
AAPL,2024-11-19,226.98,230.16,226.66,228.28,36211774
AAPL,2024-11-18,225.25,229.74,225.17,228.02,44686020
AAPL,2024-11-15,226.4,226.92,224.27,225.0,47923696
AAPL,2024-11-14,225.02,228.87,225.0,228.22,44923941
AAPL,2024-11-13,224.01,226.65,222.76,225.12,48566217
AAPL,2024-11-12,224.55,225.59,223.355,224.23,40398299
AAPL,2024-11-11,225.0,225.7,221.5,224.23,42005602
AAPL,2024-11-08,227.17,228.66,226.405,226.96,38328824
AAPL,2024-11-07,224.625,227.875,224.57,227.48,42137691
AAPL,2024-11-06,222.61,226.065,221.19,222.72,54561121
AAPL,2024-11-05,221.795,223.95,221.14,223.45,28111338
AAPL,2024-11-04,220.99,222.79,219.71,222.01,44944468
AAPL,2024-11-01,220.965,225.35,220.27,222.91,65276741
AAPL,2024-10-31,229.34,229.83,225.37,225.91,64370086
AAPL,2024-10-30,232.61,233.47,229.55,230.1,47070907
AAPL,2024-10-29,233.1,234.325,232.32,233.67,35417247
AAPL,2024-10-28,233.32,234.73,232.55,233.4,36087134
AAPL,2024-10-25,229.74,233.22,229.57,231.41,38802304
AAPL,2024-10-24,229.98,230.82,228.41,230.57,31109503
BA,2025-03-21,172.06,183.45,170.77,178.1,26778719
BA,2025-03-20,171.14,173.1,170.31,172.83,4934361
BA,2025-03-19,165.32,174.2,165.0,172.62,14114844
BA,2025-03-18,161.44,162.23,158.79,161.57,4195165
BA,2025-03-17,160.5,162.77,159.6235,161.85,5602688
BA,2025-03-14,160.915,162.32,159.2001,161.81,5215140
BA,2025-03-13,159.22,161.74,157.25,159.32,5701556
BA,2025-03-12,157.0,159.54,153.6113,158.8,8706890
BA,2025-03-11,148.0,155.01,145.45,154.06,10030549
BA,2025-03-10,150.03,150.39,146.3,148.15,10128139
BA,2025-03-07,157.19,158.36,149.05,154.18,12526696
BA,2025-03-06,161.42,162.69,157.94,158.43,6892570
BA,2025-03-05,159.96,164.33,158.81,163.16,7355750
BA,2025-03-04,167.37,168.38,156.69,158.9,15870217
BA,2025-03-03,177.02,178.4,169.46,170.06,6045578
BA,2025-02-28,174.36,176.3,173.4811,174.63,5803347
BA,2025-02-27,174.52,177.15,173.59,173.83,4695248
BA,2025-02-26,179.49,179.49,171.83,173.04,7111736
BA,2025-02-25,180.45,181.88,176.34,178.27,5613880
BA,2025-02-24,177.475,183.04,176.55,179.91,8392903
BA,2025-02-21,181.28,182.2,174.71,177.15,8980339
BA,2025-02-20,185.58,185.8,180.11,180.88,7863048
BA,2025-02-19,185.31,187.2299,181.83,186.15,7264764
BA,2025-02-18,185.68,188.66,184.22,184.97,6929627
BA,2025-02-14,186.75,186.82,183.575,184.42,5044712
BA,2025-02-13,187.0,188.24,185.09,185.44,6846329
BA,2025-02-12,178.34,186.27,178.25,186.25,7686842
BA,2025-02-11,179.78,182.14,177.6,180.44,4366651
BA,2025-02-10,183.12,183.55,179.9,180.55,3989106
BA,2025-02-07,185.26,186.1087,180.93,181.49,5392310
BA,2025-02-06,182.0,185.85,182.0,184.8,6919404
BA,2025-02-05,176.0,181.86,175.505,181.84,7430431
BA,2025-02-04,176.9,177.45,174.25,176.23,4503584
BA,2025-02-03,174.11,178.2,173.1277,175.87,6501722
BA,2025-01-31,180.51,181.78,175.74,176.52,6116155
BA,2025-01-30,174.59,179.94,173.7218,179.53,6996317
BA,2025-01-29,179.125,182.55,170.65,173.66,12263458
BA,2025-01-28,181.31,188.48,174.02,177.78,22768851
BA,2025-01-27,175.55,178.18,174.4,175.16,7148613
BA,2025-01-24,176.0,180.43,174.365,176.06,9304227
BA,2025-01-23,174.01,178.6699,173.75,178.5,7097348
BA,2025-01-22,175.29,176.23,173.88,174.8,5134446
BA,2025-01-21,172.38,177.09,171.9321,175.56,8755311
BA,2025-01-17,169.795,171.77,169.45,171.09,9557133
BA,2025-01-16,166.79,170.6399,166.57,168.93,5812341
BA,2025-01-15,169.01,169.99,165.9701,166.2,6451034
BA,2025-01-14,171.37,171.88,164.62,167.02,7966857
BA,2025-01-13,171.18,172.5,167.91,170.57,6049552
BA,2025-01-10,171.49,173.535,167.41,172.0,7556765
BA,2025-01-08,171.15,173.78,169.61,171.76,5108711
BA,2025-01-07,171.165,175.02,170.8,172.51,7045017
BA,2025-01-06,173.5,173.9442,170.19,170.78,11133425
BA,2025-01-03,171.4,173.98,169.8,169.9,10513769
BA,2025-01-02,178.31,179.19,169.82,171.87,12449954
BA,2024-12-31,177.54,179.3499,175.82,177.0,9748554
BA,2024-12-30,173.72,178.17,170.15,176.55,18082312
BA,2024-12-27,180.01,181.43,179.4,180.72,6806925
BA,2024-12-26,178.98,182.57,178.33,180.38,5917678
BA,2024-12-24,177.69,180.95,177.5,179.34,4316969
BA,2024-12-23,178.12,179.65,174.2901,177.69,8486421
BA,2024-12-20,176.86,182.0,175.31,177.35,23233668
BA,2024-12-19,175.0,179.5788,173.72,177.04,14777065
BA,2024-12-18,173.28,177.94,171.002,172.62,15437178
BA,2024-12-17,173.04,175.7866,171.71,173.03,13557076
BA,2024-12-16,168.09,175.2,166.1,173.17,13050714
BA,2024-12-13,168.0,170.43,166.33,169.65,9754901
BA,2024-12-12,168.23,168.82,165.6501,167.75,10617736
BA,2024-12-11,165.52,169.3,164.381,165.96,13116634
BA,2024-12-10,160.0,166.68,159.42,164.1,17149192
BA,2024-12-09,154.27,161.95,154.27,157.04,13540021
BA,2024-12-06,157.03,158.9533,153.37,153.93,8182668
BA,2024-12-05,158.5,160.02,156.0475,156.67,7119832
BA,2024-12-04,155.88,160.2,154.21,158.28,9269316
BA,2024-12-03,156.0,156.6486,154.42,155.0,6130313
BA,2024-12-02,155.91,160.35,155.7,156.54,10097911
BA,2024-11-29,153.0,157.5,152.85,155.44,7100090
BA,2024-11-27,151.11,152.91,150.25,152.4,5210147
BA,2024-11-26,152.5,153.1398,149.8,150.76,8234985
BA,2024-11-25,150.7,153.28,150.26,153.1,11479406
BA,2024-11-22,143.61,150.339,143.49,149.29,13353083
BA,2024-11-21,146.39,146.42,141.34,143.41,7845135
BA,2024-11-20,146.04,147.3,145.0201,146.08,9232114
BA,2024-11-19,143.0,145.99,142.6901,145.6,8247289
BA,2024-11-18,140.255,144.69,138.2,143.87,12259932
BA,2024-11-15,138.14,140.3247,137.03,140.19,12120095
BA,2024-11-14,140.8,141.55,137.22,138.14,15646710
BA,2024-11-13,145.58,145.58,139.1,139.97,21249600
BA,2024-11-12,148.4,148.5,143.85,145.17,16746650
BA,2024-11-11,152.0,152.5,148.07,148.96,12799077
BA,2024-11-08,151.12,152.6,149.43,151.68,12996805
BA,2024-11-07,148.8,152.8,148.03,150.98,14709235
BA,2024-11-06,152.3,153.2,144.13,147.16,28069287
BA,2024-11-05,157.47,157.66,150.65,151.0,23126635
BA,2024-11-04,154.62,156.72,152.46,155.07,10290387
BA,2024-11-01,152.78,156.0,151.23,154.59,18894509
BA,2024-10-31,154.31,154.48,147.88,149.31,29388204
BA,2024-10-30,152.51,156.91,152.51,154.29,50738362
BA,2024-10-29,147.86,155.99,147.58,152.98,66387677
BA,2024-10-28,153.5,155.2,150.61,150.69,20992479
BA,2024-10-25,156.2,157.48,154.5202,155.01,8152969
CAT,2025-03-21,331.395,335.94,329.21,335.73,6752392
CAT,2025-03-20,334.57,339.7797,333.61,336.25,2782873
CAT,2025-03-19,336.93,342.0,336.67,338.62,2407288
CAT,2025-03-18,342.0,342.0,335.35,336.71,3310243
CAT,2025-03-17,339.74,344.3625,339.0015,342.64,1684083
CAT,2025-03-14,337.72,341.99,336.95,339.64,1936119
CAT,2025-03-13,336.03,340.65,331.67,333.31,2490395
CAT,2025-03-12,343.03,344.91,335.45,338.13,1816667
CAT,2025-03-11,343.92,345.15,336.37,339.77,3191100
CAT,2025-03-10,345.0,352.41,341.85,345.21,2793024
CAT,2025-03-07,339.4,352.115,339.4,350.3,3063803
CAT,2025-03-06,335.27,341.91,332.5201,341.01,2234096
CAT,2025-03-05,329.12,339.51,328.65,338.49,3189095
CAT,2025-03-04,327.39,331.92,318.68,326.75,3500232
CAT,2025-03-03,347.63,348.15,330.03,332.04,2569655
CAT,2025-02-28,341.98,344.9,338.74,343.95,3210269
CAT,2025-02-27,343.65,346.92,338.46,340.0,1971027
CAT,2025-02-26,345.45,348.78,340.12,342.58,2397754
CAT,2025-02-25,341.0,344.23,336.38,342.36,3323544
CAT,2025-02-24,343.39,345.45,336.23,338.92,2513291
CAT,2025-02-21,350.53,352.0,337.5989,340.04,3225242
CAT,2025-02-20,355.0,356.8514,347.4518,349.15,2174066
CAT,2025-02-19,351.87,353.8533,349.59,353.0,2211123
CAT,2025-02-18,355.47,356.93,351.11,354.0,3120367
CAT,2025-02-14,356.6,358.8762,352.8,353.32,2045278
CAT,2025-02-13,352.57,357.5882,350.42,353.7,3547192
CAT,2025-02-12,357.0,358.93,351.44,352.04,2833093
CAT,2025-02-11,361.74,364.4199,360.9775,362.23,1516854
CAT,2025-02-10,365.33,366.235,361.55,363.22,1944675
CAT,2025-02-07,369.25,369.5299,362.58,363.88,1804954
CAT,2025-02-06,363.9,367.5382,362.515,365.45,3007274
CAT,2025-02-05,362.87,363.0,357.2,358.85,2134445
CAT,2025-02-04,369.66,369.66,359.41,361.95,2709817
CAT,2025-02-03,364.14,368.55,359.69,361.55,3079283
CAT,2025-01-31,377.46,378.0,371.28,371.44,2859000
CAT,2025-01-30,373.5,380.81,373.16,374.98,4234597
CAT,2025-01-29,391.94,399.36,391.12,393.23,2675819
CAT,2025-01-28,394.04,396.88,386.48,390.29,1788939
CAT,2025-01-27,397.19,399.54,389.92,394.98,2964352
CAT,2025-01-24,405.73,409.4,405.28,407.63,1938183
CAT,2025-01-23,397.37,409.59,397.27,406.4,2587401
CAT,2025-01-22,398.68,400.4819,395.111,397.61,1994791
CAT,2025-01-21,391.0,402.58,390.8,398.36,3144508
CAT,2025-01-17,384.7,386.845,382.0,386.02,2605870
CAT,2025-01-16,376.31,381.42,374.72,380.55,1974718
CAT,2025-01-15,379.14,379.94,374.33,374.89,1984512
CAT,2025-01-14,365.49,372.0,365.18,371.57,2331660
CAT,2025-01-13,352.96,363.195,351.8,362.5,2745954
CAT,2025-01-10,357.83,359.85,349.8,351.0,2774045
CAT,2025-01-08,362.45,362.88,357.7,361.07,1828830
CAT,2025-01-07,364.13,366.09,361.09,363.0,1607627
CAT,2025-01-06,367.0,370.84,362.5801,364.2,1590975
CAT,2025-01-03,361.59,364.48,359.49,363.79,1391959
CAT,2025-01-02,365.51,368.85,358.09,359.77,1803731
CAT,2024-12-31,363.5,365.7677,361.8,362.76,1168071
CAT,2024-12-30,360.43,364.8199,358.74,363.01,1422636
CAT,2024-12-27,363.39,367.4,361.7468,364.86,1245823
CAT,2024-12-26,365.05,367.49,363.865,367.12,1098408
CAT,2024-12-24,364.45,367.57,362.66,367.57,886018
CAT,2024-12-23,364.87,366.35,361.495,365.39,1804875
CAT,2024-12-20,358.5,371.49,357.24,366.04,5141960
CAT,2024-12-19,368.44,369.57,360.01,360.37,2619200
CAT,2024-12-18,378.7,381.155,363.03,363.89,2820729
CAT,2024-12-17,376.03,378.89,373.83,375.8,2138650
CAT,2024-12-16,381.77,382.315,377.76,378.92,1311206
CAT,2024-12-13,380.6,382.89,378.89,380.51,2035063
CAT,2024-12-12,389.05,389.87,380.15,380.78,1804628
CAT,2024-12-11,390.48,391.35,387.425,388.87,1651616
CAT,2024-12-10,390.72,395.4657,385.61,388.39,2250982
CAT,2024-12-09,402.54,409.71,398.44,399.26,1739787
CAT,2024-12-06,398.15,399.74,392.74,395.03,1331099
CAT,2024-12-05,400.5,401.43,394.21,394.98,1291385
CAT,2024-12-04,398.57,401.47,396.1292,399.51,1193925
CAT,2024-12-03,403.52,405.53,396.595,399.26,1716152
CAT,2024-12-02,407.46,408.145,400.79,402.51,1548651
CAT,2024-11-29,407.33,411.19,405.0,406.11,1962112
CAT,2024-11-27,408.395,412.1199,403.24,403.7,1371922
CAT,2024-11-26,403.65,408.41,401.76,407.83,1796714
CAT,2024-11-25,400.0,407.15,400.0,405.65,4398020
CAT,2024-11-22,390.36,398.16,387.89,397.49,1893407
CAT,2024-11-21,383.92,392.02,379.0,389.59,1833547
CAT,2024-11-20,384.01,386.2,378.47,381.5,1859725
CAT,2024-11-19,378.03,383.25,378.03,382.33,1793407
CAT,2024-11-18,386.0,386.3,382.92,384.46,1626303
CAT,2024-11-15,385.99,388.49,382.2,384.07,2165453
CAT,2024-11-14,388.5,390.175,386.205,387.36,1372462
CAT,2024-11-13,388.95,391.2,385.67,387.07,2002200
CAT,2024-11-12,397.79,398.73,391.15,393.01,1737372
CAT,2024-11-11,397.91,402.08,395.0101,396.54,1859182
CAT,2024-11-08,400.96,403.06,392.4,393.37,3345862
CAT,2024-11-07,414.92,418.5,407.54,408.21,3211102
CAT,2024-11-06,405.17,418.3041,404.01,416.88,4720049
CAT,2024-11-05,377.13,386.07,375.65,383.37,1724115
CAT,2024-11-04,378.1,381.485,375.3,376.52,1793751
CAT,2024-11-01,378.07,383.265,376.94,379.63,1633361
CAT,2024-10-31,377.35,378.9132,372.75,376.2,2394488
CAT,2024-10-30,374.0,388.26,367.2,379.24,4037464
CAT,2024-10-29,389.5,389.6,385.55,387.51,2186415
CAT,2024-10-28,388.39,391.57,387.37,390.61,3213934
CAT,2024-10-25,389.61,392.03,384.31,385.97,1606883
CVX,2025-03-21,164.355,164.885,163.11,164.66,21588616
CVX,2025-03-20,163.13,165.31,162.41,164.77,9545886
CVX,2025-03-19,160.965,164.54,160.9,164.05,11503859
CVX,2025-03-18,159.74,161.09,158.825,160.81,9289469
CVX,2025-03-17,157.22,159.45,156.765,158.72,7615153
CVX,2025-03-14,153.99,157.24,153.01,157.02,6671549
CVX,2025-03-13,152.265,154.43,151.92,153.61,9022758
CVX,2025-03-12,153.64,154.79,152.215,152.67,9710223
CVX,2025-03-11,158.43,158.84,153.79,154.08,10466294
CVX,2025-03-10,157.19,160.37,156.17,157.57,11729059
CVX,2025-03-07,153.95,157.45,153.71,156.34,8562635
CVX,2025-03-06,150.51,153.33,149.47,152.95,7314687
CVX,2025-03-05,150.15,151.365,147.74,150.81,9288538
CVX,2025-03-04,151.205,154.1525,150.05,152.0,8826344
CVX,2025-03-03,159.46,160.09,151.76,153.09,9059814
CVX,2025-02-28,156.695,158.67,154.92,158.62,8828547
CVX,2025-02-27,155.69,158.29,154.81,156.67,7517237
CVX,2025-02-26,156.62,156.69,154.4,155.14,6005232
CVX,2025-02-25,157.99,158.99,155.46,156.42,6811293
CVX,2025-02-24,157.085,158.33,156.75,157.89,5925047
CVX,2025-02-21,158.13,158.95,156.82,156.92,6689815
CVX,2025-02-20,157.5,158.95,157.07,158.79,6256154
CVX,2025-02-19,156.52,158.36,156.0,157.23,4945813
CVX,2025-02-18,155.34,157.31,154.78,156.16,5981480
CVX,2025-02-14,155.08,157.45,154.88,155.34,5828805
CVX,2025-02-13,154.78,156.42,153.32,155.88,7836362
CVX,2025-02-12,156.75,157.465,154.5716,154.9,6693461
CVX,2025-02-11,156.35,158.71,156.12,157.44,6011842
CVX,2025-02-10,154.29,155.8,154.06,155.77,5653770
CVX,2025-02-07,152.48,153.81,151.9243,152.62,4724947
CVX,2025-02-06,154.22,155.255,151.06,151.9,6420525
CVX,2025-02-05,152.99,153.8,152.29,152.99,6533680
CVX,2025-02-04,148.72,153.385,148.72,153.22,8458070
CVX,2025-02-03,149.0,150.86,147.8,149.34,7604961
CVX,2025-01-31,153.76,154.37,148.65,149.19,16731592
CVX,2025-01-30,156.56,157.45,155.52,156.32,6931918
CVX,2025-01-29,155.715,156.58,154.81,155.69,5630563
CVX,2025-01-28,157.71,158.92,155.1838,156.21,6425353
CVX,2025-01-27,156.33,157.8899,155.52,157.23,7140991
CVX,2025-01-24,156.46,157.47,155.2701,155.65,8003778
CVX,2025-01-23,157.63,157.94,155.62,156.01,5979808
CVX,2025-01-22,157.68,158.44,156.27,156.41,7232227
CVX,2025-01-21,161.15,161.4,157.49,158.24,10131372
CVX,2025-01-17,159.13,161.77,158.7978,161.47,9260428
CVX,2025-01-16,158.03,159.895,158.03,159.38,5578902
CVX,2025-01-15,156.875,158.69,156.38,158.33,7899997
CVX,2025-01-14,155.205,156.91,154.46,156.9,6830219
CVX,2025-01-13,154.1,157.35,154.0,155.35,11774073
CVX,2025-01-10,153.41,154.34,150.87,153.14,11074716
CVX,2025-01-08,148.04,151.18,148.03,150.3,7640885
CVX,2025-01-07,148.505,150.4999,147.63,149.59,7735997
CVX,2025-01-06,148.4,150.33,146.87,147.26,5888731
CVX,2025-01-03,147.54,148.5,147.3,147.85,5813935
CVX,2025-01-02,145.475,148.07,145.475,146.71,7170257
CVX,2024-12-31,143.52,145.34,143.32,144.84,6137843
CVX,2024-12-30,143.79,143.98,142.35,143.07,6194835
CVX,2024-12-27,144.29,145.71,143.39,144.0,5296875
CVX,2024-12-26,143.67,144.31,142.9,143.98,4494424
CVX,2024-12-24,143.1,144.045,142.26,143.84,3556081
CVX,2024-12-23,142.48,143.345,141.54,142.97,8156466
CVX,2024-12-20,140.825,142.85,140.55,142.85,32209195
CVX,2024-12-19,144.57,144.76,140.95,141.15,16544329
CVX,2024-12-18,147.76,148.67,143.98,144.08,10174494
CVX,2024-12-17,148.0,148.65,146.91,148.11,11909333
CVX,2024-12-16,153.89,153.89,149.25,149.36,11961219
CVX,2024-12-13,154.87,154.961,153.07,153.87,5816180
CVX,2024-12-12,155.87,156.525,154.2653,154.71,7621522
CVX,2024-12-11,156.86,157.17,155.8,156.21,13764742
CVX,2024-12-10,159.06,159.52,156.7,157.0,9126158
CVX,2024-12-09,157.0,160.08,156.82,157.08,9404473
CVX,2024-12-06,158.75,158.83,155.17,155.24,9701694
CVX,2024-12-05,159.29,160.67,158.69,159.33,6358358
CVX,2024-12-04,161.83,161.84,157.86,158.32,7862728
CVX,2024-12-03,162.98,163.197,161.39,161.92,5900066
CVX,2024-12-02,162.29,162.95,160.11,162.21,6229596
CVX,2024-11-29,162.25,162.75,160.66,161.93,5076953
CVX,2024-11-27,162.76,164.68,161.61,162.11,7674474
CVX,2024-11-26,162.31,162.94,161.4,162.53,7369944
CVX,2024-11-25,162.15,163.17,159.83,160.36,10702395
CVX,2024-11-22,161.51,162.61,161.15,162.36,7006293
CVX,2024-11-21,162.02,162.65,161.29,161.63,7945531
CVX,2024-11-20,159.91,161.44,159.78,161.33,6391252
CVX,2024-11-19,159.98,160.4272,158.751,159.6,4657409
CVX,2024-11-18,160.56,161.52,159.07,160.76,6092141
CVX,2024-11-15,161.52,162.38,160.76,161.42,9022753
CVX,2024-11-14,159.84,161.83,159.68,161.8,10111234
CVX,2024-11-13,156.07,159.02,154.53,158.72,8824013
CVX,2024-11-12,157.3,157.47,155.12,155.29,5681869
CVX,2024-11-11,157.14,157.94,155.9,156.5,7771691
CVX,2024-11-08,156.6,157.58,155.67,156.93,6041457
CVX,2024-11-07,157.94,158.01,156.4,156.77,8143245
CVX,2024-11-06,157.1,158.61,156.12,157.72,12118908
CVX,2024-11-05,154.53,154.67,152.55,153.41,5978897
CVX,2024-11-04,154.42,154.42,152.6199,153.97,6129961
CVX,2024-11-01,152.48,155.9303,151.7,153.07,11727977
CVX,2024-10-31,148.755,149.57,147.89,148.82,8400855
CVX,2024-10-30,149.08,149.65,147.66,148.05,5784011
CVX,2024-10-29,150.04,150.415,147.87,148.52,6014676
CVX,2024-10-28,148.25,150.7,148.16,150.54,8892039
CVX,2024-10-25,151.39,152.12,150.46,150.81,6839894
CSCO,2025-03-21,60.17,60.4,59.425,60.3,65885658
CSCO,2025-03-20,60.475,61.02,60.34,60.62,16528566
CSCO,2025-03-19,60.63,61.575,60.5,61.12,15488782
CSCO,2025-03-18,60.665,60.8,59.67,60.3,16668982
CSCO,2025-03-17,60.4,61.21,60.34,60.89,15335820
CSCO,2025-03-14,60.32,60.62,59.92,60.5,16250727
CSCO,2025-03-13,60.41,60.49,59.23,59.67,16463327
CSCO,2025-03-12,60.96,61.18,60.245,60.46,18935337
CSCO,2025-03-11,62.28,62.38,60.53,60.67,25787410
CSCO,2025-03-10,63.48,63.69,61.68,62.06,27289608
CSCO,2025-03-07,62.9,64.17,62.19,63.94,21154785
CSCO,2025-03-06,63.8,64.02,62.7608,63.41,23155124
CSCO,2025-03-05,63.23,64.175,62.8,63.96,14931472
CSCO,2025-03-04,63.74,63.91,62.6132,63.26,24588330
CSCO,2025-03-03,64.39,64.88,63.19,63.48,21810686
CSCO,2025-02-28,63.925,64.16,62.83,64.11,26711832
CSCO,2025-02-27,64.765,65.29,63.75,63.81,24695609
CSCO,2025-02-26,64.045,64.775,63.94,64.08,13452344
CSCO,2025-02-25,64.6,64.635,63.32,64.27,22100075
CSCO,2025-02-24,64.425,64.58,63.15,63.24,17287523
CSCO,2025-02-21,64.68,64.96,63.88,63.98,18905792
CSCO,2025-02-20,64.96,65.23,64.27,64.67,14836588
CSCO,2025-02-19,64.515,64.96,64.29,64.84,14164064
CSCO,2025-02-18,65.3,66.25,64.43,64.59,22047470
CSCO,2025-02-14,63.79,65.07,63.44,64.87,23693320
CSCO,2025-02-13,66.1,66.5,62.72,63.84,43257663
CSCO,2025-02-12,61.44,62.56,61.2,62.53,30116284
CSCO,2025-02-11,62.53,62.8,62.175,62.43,17702464
CSCO,2025-02-10,63.12,63.1541,62.38,62.81,15816237
CSCO,2025-02-07,62.74,63.25,62.21,62.27,23861029
CSCO,2025-02-06,62.82,62.91,62.0701,62.27,15521841
CSCO,2025-02-05,61.45,62.71,61.3,62.57,19008323
CSCO,2025-02-04,60.84,61.5947,60.73,61.34,12742713
CSCO,2025-02-03,60.19,61.255,59.55,61.04,20375707
CSCO,2025-01-31,60.53,61.19,60.455,60.6,16555695
CSCO,2025-01-30,60.47,61.075,60.2501,60.47,17079036
CSCO,2025-01-29,59.95,60.5363,59.51,59.55,17925289
CSCO,2025-01-28,59.02,59.56,58.92,59.43,25473316
CSCO,2025-01-27,61.39,61.46,58.76,59.08,33730340
CSCO,2025-01-24,62.06,62.2899,61.86,62.23,17232945
CSCO,2025-01-23,61.8,62.315,61.3801,62.23,14212046
CSCO,2025-01-22,61.04,61.755,60.99,61.63,19436629
CSCO,2025-01-21,60.47,61.33,60.28,61.03,18623768
CSCO,2025-01-17,60.76,60.95,60.2,60.23,23876379
CSCO,2025-01-16,60.18,60.4451,59.78,59.82,18445709
CSCO,2025-01-15,59.8551,60.34,59.5925,59.98,19185137
CSCO,2025-01-14,58.97,59.34,58.75,59.33,16715456
CSCO,2025-01-13,58.92,58.93,58.17,58.76,19340695
CSCO,2025-01-10,58.79,59.06,58.54,58.74,17274459
CSCO,2025-01-08,58.89,59.24,58.27,59.2,14400335
CSCO,2025-01-07,58.97,59.245,58.645,58.93,16863781
CSCO,2025-01-06,58.91,59.58,58.585,58.77,18543298
CSCO,2025-01-03,58.84,59.17,58.36,58.86,18859541
CSCO,2025-01-02,59.27,59.68,58.57,59.1,16144281
CSCO,2024-12-31,59.22,59.375,58.765,59.2,14173022
CSCO,2024-12-30,59.09,59.39,58.41,59.19,12948052
CSCO,2024-12-27,59.57,60.02,59.135,59.61,13021411
CSCO,2024-12-26,59.62,60.055,59.4,59.98,8526942
CSCO,2024-12-24,58.8,59.85,58.8,59.85,9922346
CSCO,2024-12-23,58.13,59.015,58.12,58.98,18671217
CSCO,2024-12-20,57.568,58.78,57.27,58.52,69544629
CSCO,2024-12-19,57.39,58.14,57.34,57.63,21947824
CSCO,2024-12-18,58.71,58.71,57.48,57.53,24195146
CSCO,2024-12-17,58.38,59.07,58.17,58.52,24912522
CSCO,2024-12-16,58.47,58.49,57.845,58.35,26883236
CSCO,2024-12-13,58.62,58.935,58.38,58.62,14129777
CSCO,2024-12-12,58.69,59.74,58.625,58.85,17704609
CSCO,2024-12-11,58.88,58.96,58.31,58.59,26842940
CSCO,2024-12-10,58.5,58.86,58.13,58.72,14480185
CSCO,2024-12-09,59.83,59.88,58.86,58.95,16517459
CSCO,2024-12-06,60.0,60.08,59.765,59.89,14623064
CSCO,2024-12-05,59.79,60.23,59.7,60.02,19121697
CSCO,2024-12-04,59.64,59.84,59.265,59.62,16872103
CSCO,2024-12-03,59.43,59.525,59.165,59.48,11746006
CSCO,2024-12-02,59.25,59.7,59.14,59.43,15977739
CSCO,2024-11-29,59.07,59.59,59.04,59.21,11618360
CSCO,2024-11-27,59.61,59.87,58.93,59.29,12703322
CSCO,2024-11-26,59.0,59.64,58.94,59.59,14209693
CSCO,2024-11-25,58.65,58.96,58.26,58.74,52408187
CSCO,2024-11-22,57.59,58.7,57.455,58.55,14952324
CSCO,2024-11-21,57.29,57.93,57.1,57.56,16162444
CSCO,2024-11-20,56.84,57.5,56.61,57.5,15344952
CSCO,2024-11-19,56.68,57.04,56.35,57.01,17476186
CSCO,2024-11-18,57.55,57.99,57.23,57.31,23770462
CSCO,2024-11-15,57.45,58.1,57.23,57.46,28173705
CSCO,2024-11-14,58.99,58.99,57.52,57.92,33747654
CSCO,2024-11-13,58.15,59.28,57.84,59.18,36350607
CSCO,2024-11-12,58.76,59.035,58.43,58.71,16609357
CSCO,2024-11-11,59.0,59.38,58.36,58.63,17826977
CSCO,2024-11-08,58.09,58.1999,57.655,58.06,17517686
CSCO,2024-11-07,57.8,58.3,57.54,58.08,17880234
CSCO,2024-11-06,57.189,58.085,56.955,57.87,20506037
CSCO,2024-11-05,55.9,56.27,55.5,56.16,10183605
CSCO,2024-11-04,55.45,55.91,55.12,55.83,13269890
CSCO,2024-11-01,54.74,55.81,54.53,55.5,19235612
CSCO,2024-10-31,55.43,55.51,54.705,54.77,22023370
CSCO,2024-10-30,55.57,56.04,55.37,55.59,13284261
CSCO,2024-10-29,55.37,56.105,55.27,55.68,18810078
CSCO,2024-10-28,55.9,55.98,55.21,55.28,12912311
CSCO,2024-10-25,56.25,56.6253,55.6656,55.74,14680466
KO,2025-03-21,69.89,69.97,68.185,68.65,47448041
KO,2025-03-20,69.305,69.81,69.09,69.71,16295263
KO,2025-03-19,68.55,69.38,68.54,69.28,14780007
KO,2025-03-18,70.11,70.19,69.3,69.38,12657615
KO,2025-03-17,69.24,70.17,69.08,70.12,15634808
KO,2025-03-14,68.51,69.26,68.3803,69.16,14205091
KO,2025-03-13,70.25,70.25,69.281,69.62,15746568
KO,2025-03-12,70.37,70.73,69.74,69.94,18923301
KO,2025-03-11,71.875,72.04,70.61,71.04,28076440
KO,2025-03-10,71.96,73.22,71.32,71.45,25100223
KO,2025-03-07,69.65,71.82,69.65,71.43,28393261
KO,2025-03-06,70.41,70.529,69.45,70.46,21694031
KO,2025-03-05,69.9,70.74,69.84,70.08,23933629
KO,2025-03-04,72.07,72.65,69.88,70.19,25411858
KO,2025-03-03,70.24,72.36,69.73,72.32,21717603
KO,2025-02-28,71.45,71.57,70.56,71.21,22167379
KO,2025-02-27,70.72,71.535,70.42,70.87,16789476
KO,2025-02-26,71.27,71.275,70.525,70.8,14531175
KO,2025-02-25,70.86,71.7699,70.73,71.49,21555588
KO,2025-02-24,70.84,71.73,70.33,70.59,21418442
KO,2025-02-21,70.32,71.6,70.13,71.35,21662252
KO,2025-02-20,69.71,70.07,69.42,70.04,13398010
KO,2025-02-19,69.21,70.13,69.17,70.07,16032270
KO,2025-02-18,68.55,69.37,68.42,69.05,15569122
KO,2025-02-14,69.365,70.03,68.76,68.87,20779090
KO,2025-02-13,69.0,69.61,68.762,69.5,24393148
KO,2025-02-12,66.87,68.82,66.87,68.71,26033764
KO,2025-02-11,67.5,67.67,66.41,67.6,30589148
KO,2025-02-10,64.1,64.65,63.66,64.55,16154300
KO,2025-02-07,63.43,63.92,63.27,63.84,13184674
KO,2025-02-06,63.62,63.74,62.91,63.36,13423408
KO,2025-02-05,62.72,63.29,62.585,63.12,10686754
KO,2025-02-04,63.61,63.63,62.35,62.67,15677998
KO,2025-02-03,63.18,63.6299,62.43,63.35,12067883
KO,2025-01-31,63.7,63.93,63.39,63.48,12102060
KO,2025-01-30,63.85,64.285,63.23,64.05,13200977
KO,2025-01-29,62.56,63.36,62.55,62.83,11325635
KO,2025-01-28,63.51,64.04,62.28,62.36,14956031
KO,2025-01-27,62.87,64.18,62.473,63.87,20742915
KO,2025-01-24,61.72,62.01,61.435,61.92,19244604
KO,2025-01-23,61.8,61.98,61.37,61.53,16528423
KO,2025-01-22,62.12,62.285,61.66,61.78,18191886
KO,2025-01-21,62.9,63.23,62.3,62.42,19817068
KO,2025-01-17,62.31,62.765,62.17,62.71,17948868
KO,2025-01-16,61.42,62.3,61.32,62.25,12585528
KO,2025-01-15,62.33,62.62,61.68,61.77,16187203
KO,2025-01-14,61.655,62.065,61.3,62.04,16658287
KO,2025-01-13,61.13,61.845,60.71,61.65,18016173
KO,2025-01-10,61.58,61.65,60.73,61.07,22424951
KO,2025-01-08,60.99,61.77,60.93,61.71,14412397
KO,2025-01-07,61.11,61.7175,60.615,60.84,17799629
KO,2025-01-06,61.5,61.565,60.66,60.81,17924237
KO,2025-01-03,61.9,62.075,61.62,61.75,10403204
KO,2025-01-02,62.35,62.75,61.62,61.84,12990975
KO,2024-12-31,62.02,62.43,61.8,62.26,9256664
KO,2024-12-30,62.34,62.34,61.68,62.03,8972212
KO,2024-12-27,62.45,62.95,62.209,62.45,8542773
KO,2024-12-26,62.62,62.74,62.4,62.57,7945641
KO,2024-12-24,62.2,62.84,62.01,62.84,5019131
KO,2024-12-23,62.5,62.76,61.5318,62.38,13010758
KO,2024-12-20,62.47,63.06,62.28,62.55,42458096
KO,2024-12-19,62.7,63.17,62.4,62.45,21300647
KO,2024-12-18,62.81,63.64,62.79,62.85,20946087
KO,2024-12-17,62.45,63.55,62.32,63.4,21902382
KO,2024-12-16,63.23,63.86,62.35,62.55,24559738
KO,2024-12-13,63.57,63.835,63.11,63.12,13429033
KO,2024-12-12,63.55,63.92,63.22,63.84,17542091
KO,2024-12-11,63.0,63.63,62.4,62.64,32819011
KO,2024-12-10,62.7,63.04,61.79,62.91,14949415
KO,2024-12-09,62.69,62.929,61.9,62.6,22348331
KO,2024-12-06,62.83,63.36,62.51,62.53,15581148
KO,2024-12-05,62.47,63.12,62.1,62.92,21040359
KO,2024-12-04,63.275,63.35,61.9,62.21,28137660
KO,2024-12-03,63.72,64.08,63.025,63.52,24874490
KO,2024-12-02,64.05,64.19,63.345,63.65,16500095
KO,2024-11-29,64.02,64.25,63.77,64.08,10648354
KO,2024-11-27,64.96,65.1,64.25,64.43,13263403
KO,2024-11-26,64.31,64.64,64.06,64.55,14473271
KO,2024-11-25,64.32,64.71,63.84,64.38,36805252
KO,2024-11-22,64.24,64.48,63.65,63.92,19562231
KO,2024-11-21,63.15,63.81,62.95,63.76,17292300
KO,2024-11-20,62.7,63.01,62.02,62.99,18904909
KO,2024-11-19,61.9,62.62,61.63,62.59,16254832
KO,2024-11-18,61.85,62.14,61.56,61.86,16079364
KO,2024-11-15,62.49,62.63,61.39,61.74,26284331
KO,2024-11-14,63.11,63.11,62.43,62.55,15910820
KO,2024-11-13,63.05,63.26,62.49,63.0,13177637
KO,2024-11-12,63.68,63.75,63.12,63.2,15020975
KO,2024-11-11,63.99,64.12,63.2509,63.36,13980873
KO,2024-11-08,63.91,64.24,63.74,63.92,14719308
KO,2024-11-07,64.29,64.39,63.6,63.66,14856051
KO,2024-11-06,64.42,64.86,63.18,63.7,22899263
KO,2024-11-05,64.64,65.4698,64.64,65.37,8780220
KO,2024-11-04,65.08,65.42,64.6507,65.11,10984502
KO,2024-11-01,65.47,65.66,64.89,65.01,12163094
KO,2024-10-31,65.81,65.99,65.255,65.31,13383717
KO,2024-10-30,65.51,66.535,65.32,65.92,14177766
KO,2024-10-29,66.29,66.34,65.52,65.56,16525917
KO,2024-10-28,66.96,67.395,66.6,66.67,10761416
KO,2024-10-25,67.07,67.7,66.79,66.92,11138127
DIS,2025-03-21,98.33,99.89,97.75,99.47,15071021
DIS,2025-03-20,99.57,100.05,98.64,98.86,7836515
DIS,2025-03-19,99.655,100.96,99.47,100.29,8614622
DIS,2025-03-18,99.27,99.725,98.475,99.35,6727404
DIS,2025-03-17,98.74,100.12,98.66,99.36,8332119
DIS,2025-03-14,97.44,99.0985,97.415,98.64,10199761
DIS,2025-03-13,97.77,98.65,95.925,96.87,11059480
DIS,2025-03-12,98.68,99.49,96.38,98.76,11891787
DIS,2025-03-11,99.79,101.04,97.45,97.9,16906005
DIS,2025-03-10,104.43,104.8,102.11,103.08,10824783
DIS,2025-03-07,105.0,105.77,103.31,105.51,12715904
DIS,2025-03-06,108.38,108.83,105.0165,105.43,11618753
DIS,2025-03-05,109.34,110.9383,108.22,109.31,9956143
DIS,2025-03-04,111.7,112.25,108.27,109.01,12658024
DIS,2025-03-03,114.07,115.55,112.0,112.79,7884746
DIS,2025-02-28,111.46,113.99,111.0,113.8,14609401
DIS,2025-02-27,112.32,113.12,111.06,111.31,7854650
DIS,2025-02-26,110.055,113.25,110.055,111.83,7831584
DIS,2025-02-25,111.43,111.9,109.07,110.53,7288975
DIS,2025-02-24,108.84,111.555,108.65,111.2,7093298
DIS,2025-02-21,111.0,111.76,107.92,108.66,9082075
DIS,2025-02-20,111.24,111.52,109.375,110.55,5970106
DIS,2025-02-19,109.14,111.76,109.14,111.35,8452114
DIS,2025-02-18,109.775,109.92,108.71,109.56,8362898
DIS,2025-02-14,109.86,110.51,109.5901,110.38,5964541
DIS,2025-02-13,108.92,109.76,108.56,109.59,6553224
DIS,2025-02-12,108.25,109.525,107.75,109.23,6521246
DIS,2025-02-11,108.38,109.05,107.69,109.02,7456717
DIS,2025-02-10,111.14,111.38,108.69,109.28,8239512
DIS,2025-02-07,111.61,112.55,110.8101,110.86,8669320
DIS,2025-02-06,111.88,112.68,109.15,112.09,12470787
DIS,2025-02-05,115.7,118.59,110.23,110.54,23309982
DIS,2025-02-04,113.8,114.655,112.51,113.3,13521149
DIS,2025-02-03,111.35,114.6,110.86,114.0,8870666
DIS,2025-01-31,113.3,114.01,112.76,113.06,7797690
DIS,2025-01-30,114.085,115.18,113.12,113.43,6236187
DIS,2025-01-29,113.495,114.3844,112.76,113.19,7607068
DIS,2025-01-28,112.845,112.96,111.56,112.14,6516763
DIS,2025-01-27,111.68,114.08,111.46,113.34,10176938
DIS,2025-01-24,111.155,113.39,110.63,112.16,8304478
DIS,2025-01-23,108.5,111.07,108.49,111.04,7608265
DIS,2025-01-22,109.55,109.55,108.23,108.81,8781705
DIS,2025-01-21,107.1,109.45,106.8,108.7,8643694
DIS,2025-01-17,106.83,107.74,106.54,107.02,7144263
DIS,2025-01-16,108.29,108.6,106.16,106.46,7872767
DIS,2025-01-15,109.17,109.6,107.99,108.18,6296861
DIS,2025-01-14,108.68,108.96,107.61,108.12,5501600
DIS,2025-01-13,107.93,108.61,106.72,108.08,6690232
DIS,2025-01-10,110.0,110.54,107.62,108.65,8835518
DIS,2025-01-08,111.0,111.11,108.64,109.76,7805312
DIS,2025-01-07,112.15,113.74,111.29,111.39,7878807
DIS,2025-01-06,111.47,112.8537,110.87,111.05,6274419
DIS,2025-01-03,111.37,111.535,110.18,111.16,5394318
DIS,2025-01-02,111.7,112.2,110.17,110.82,5688086
DIS,2024-12-31,110.78,111.59,110.67,111.35,4757538
DIS,2024-12-30,110.425,111.54,109.83,110.8,5716337
DIS,2024-12-27,111.82,112.12,110.86,111.55,4523820
DIS,2024-12-26,112.12,113.32,111.86,112.55,4782814
DIS,2024-12-24,111.25,112.74,111.1924,112.56,2474994
DIS,2024-12-23,111.61,111.85,110.31,111.4,6037212
DIS,2024-12-20,110.61,112.97,110.43,112.03,17955325
DIS,2024-12-19,111.66,112.91,111.25,111.37,9468516
DIS,2024-12-18,113.34,116.1184,111.24,111.35,12292778
DIS,2024-12-17,111.025,114.04,110.8,113.02,12238619
DIS,2024-12-16,113.0,113.067,111.73,112.11,10528533
DIS,2024-12-13,114.322,114.96,113.3,113.34,6864475
DIS,2024-12-12,114.7,115.01,114.16,114.9,5285116
DIS,2024-12-11,114.635,115.05,113.98,114.61,6426831
DIS,2024-12-10,114.65,114.95,113.72,114.73,7526428
DIS,2024-12-09,116.385,117.18,113.91,114.61,8666121
DIS,2024-12-06,116.55,117.26,116.22,116.73,6677906
DIS,2024-12-05,116.55,117.27,116.06,116.5,9823556
DIS,2024-12-04,115.97,117.29,115.84,116.99,7996244
DIS,2024-12-03,117.0,117.23,115.45,116.45,9193973
DIS,2024-12-02,117.78,118.63,116.55,117.16,8390465
DIS,2024-11-29,117.26,117.74,116.73,117.47,5095150
DIS,2024-11-27,115.445,118.1998,115.445,117.6,8142388
DIS,2024-11-26,116.0,116.42,115.44,115.45,6808149
DIS,2024-11-25,115.68,116.5798,114.932,116.0,10397808
DIS,2024-11-22,113.85,116.34,113.6,115.65,10098038
DIS,2024-11-21,114.15,116.25,113.8343,114.72,10260983
DIS,2024-11-20,112.26,114.37,111.47,114.26,9319270
DIS,2024-11-19,112.05,112.5,110.82,112.42,12166783
DIS,2024-11-18,113.33,115.435,112.89,113.54,14236555
DIS,2024-11-15,110.25,115.19,110.25,115.08,32048032
DIS,2024-11-14,110.33,114.81,108.4,109.12,47436052
DIS,2024-11-13,100.785,103.2,100.35,102.72,17701277
DIS,2024-11-12,100.55,101.29,99.5,100.99,9366216
DIS,2024-11-11,99.0,100.9,99.0,100.86,9137854
DIS,2024-11-08,98.73,99.26,97.61,99.02,7982113
DIS,2024-11-07,98.78,99.52,98.13,98.93,7805138
DIS,2024-11-06,98.21,99.55,98.21,98.89,11325086
DIS,2024-11-05,95.6,96.67,95.25,96.63,6561725
DIS,2024-11-04,95.825,96.0188,95.03,95.79,6088036
DIS,2024-11-01,95.7,96.39,94.83,95.81,7944869
DIS,2024-10-31,95.27,96.63,95.0,96.2,8147709
DIS,2024-10-30,95.7,96.71,94.94,95.08,7718201
DIS,2024-10-29,96.26,96.62,95.675,96.13,6834439
DIS,2024-10-28,95.22,96.685,95.21,96.2,8146379
DIS,2024-10-25,95.81,96.8536,95.01,95.03,6638148
GS,2025-03-21,554.675,567.0,551.2079,565.13,3562503
GS,2025-03-20,553.1,568.4355,552.0,562.68,2531298
GS,2025-03-19,549.0,563.0,544.6,557.34,2770144
GS,2025-03-18,550.29,553.75,546.65,551.78,2641018
GS,2025-03-17,541.23,557.16,540.0,551.34,2695571
GS,2025-03-14,533.99,543.57,526.7,541.41,2808108
GS,2025-03-13,535.67,538.14,520.06,524.81,2529106
GS,2025-03-12,544.0,545.0,528.59,535.71,3078055
GS,2025-03-11,532.47,539.99,524.2,531.43,4190502
GS,2025-03-10,542.3,546.47,523.13,531.66,5211055
GS,2025-03-07,568.17,568.17,544.91,559.67,4069949
GS,2025-03-06,580.59,586.71,564.62,567.67,4332338
GS,2025-03-05,582.09,597.12,576.78,593.07,2600616
GS,2025-03-04,595.98,600.0,567.5701,581.14,4061006
GS,2025-03-03,622.4,628.7834,598.321,605.26,3152334
GS,2025-02-28,607.79,623.65,604.01,622.29,3337195
GS,2025-02-27,617.54,625.23,607.31,608.0,2396289
GS,2025-02-26,616.67,623.133,615.2,617.77,2001201
GS,2025-02-25,628.53,631.32,606.0,614.91,2885947
GS,2025-02-24,633.51,637.3,614.8,626.14,3274124
GS,2025-02-21,644.75,647.5,623.435,625.6,3000779
GS,2025-02-20,668.03,670.28,631.655,642.26,3929024
GS,2025-02-19,669.08,671.04,663.28,668.15,1953895
GS,2025-02-18,662.59,672.19,661.02,672.19,2350419
GS,2025-02-14,650.32,663.2599,650.32,660.55,2246279
GS,2025-02-13,651.83,652.0,640.5101,648.95,2031807
GS,2025-02-12,643.76,650.47,639.105,649.0,2295969
GS,2025-02-11,646.78,649.035,643.599,647.24,2711608
GS,2025-02-10,659.02,662.49,644.25,650.53,2351792
GS,2025-02-07,659.4,663.87,653.16,655.9,2616865
GS,2025-02-06,650.0,658.85,648.9401,658.22,2439237
GS,2025-02-05,638.0,646.4094,635.53,645.45,1908212
GS,2025-02-04,632.0,637.665,629.09,634.18,1743840
GS,2025-02-03,626.0,638.48,622.48,632.37,2102578
GS,2025-01-31,650.0,650.0,637.44,640.4,1996221
GS,2025-01-30,644.49,649.52,641.0,645.7,1812825
GS,2025-01-29,637.0,649.0,636.41,637.38,1918882
GS,2025-01-28,632.2,639.08,631.81,637.8,2338364
GS,2025-01-27,625.0,635.705,624.46,633.28,3351650
GS,2025-01-24,630.0,640.6,628.9599,636.9,3183456
GS,2025-01-23,634.92,645.5381,634.4922,639.5,2582717
GS,2025-01-22,633.44,635.6,629.7073,632.73,2835655
GS,2025-01-21,616.81,635.43,609.0,634.74,5076701
GS,2025-01-17,617.8,627.0,613.0,625.94,3425198
GS,2025-01-16,609.99,616.84,606.0,612.99,3224496
GS,2025-01-15,598.0,609.41,593.0,605.92,5119840
GS,2025-01-14,569.66,573.59,565.2,571.53,2221922
GS,2025-01-13,557.88,566.1934,556.76,562.95,1871155
GS,2025-01-10,576.25,576.25,558.01,560.0,2817887
GS,2025-01-08,581.04,581.1975,572.67,580.02,1513364
GS,2025-01-07,587.11,588.28,568.4,580.12,2021921
GS,2025-01-06,584.98,593.65,579.815,583.39,2257017
GS,2025-01-03,581.0,582.14,571.7301,580.13,1422989
GS,2025-01-02,579.31,584.31,569.74,574.97,2219170
GS,2024-12-31,575.07,576.92,570.395,572.62,1055809
GS,2024-12-30,567.27,576.0199,565.1,573.55,1265884
GS,2024-12-27,577.0,581.9599,571.35,576.18,1486184
GS,2024-12-26,578.15,582.59,577.5,581.23,1092220
GS,2024-12-24,574.2,582.79,571.36,582.79,913403
GS,2024-12-23,565.0,571.64,561.8,570.78,1519949
GS,2024-12-20,554.94,572.9,553.38,566.1,4515921
GS,2024-12-19,561.44,567.0,553.6,553.99,2755784
GS,2024-12-18,577.49,579.4679,544.49,550.25,3271563
GS,2024-12-17,580.84,581.61,572.2922,574.68,2314490
GS,2024-12-16,588.0,588.27,578.7,586.33,1713320
GS,2024-12-13,594.0,595.0,585.08,585.48,1215371
GS,2024-12-12,592.59,596.3202,588.61,591.61,1218538
GS,2024-12-11,590.12,593.71,586.9,592.56,2195314
GS,2024-12-10,590.0,596.27,583.76,585.03,2600805
GS,2024-12-09,598.99,602.9999,593.72,594.12,1633266
GS,2024-12-06,597.16,600.0,594.37,599.68,1405677
GS,2024-12-05,600.53,606.56,596.35,596.8,1672772
GS,2024-12-04,603.0,604.277,596.76,598.71,1617529
GS,2024-12-03,608.96,611.42,600.8,602.08,1718093
GS,2024-12-02,608.0,611.91,601.3,601.71,1804365
GS,2024-11-29,609.31,612.73,607.06,608.57,1170180
GS,2024-11-27,607.68,612.25,603.275,605.43,1424558
GS,2024-11-26,600.13,607.19,593.0,605.5,2846937
GS,2024-11-25,608.79,611.3,598.83,603.03,2940763
GS,2024-11-22,596.22,603.94,594.44,602.78,1733996
GS,2024-11-21,586.51,600.7,584.51,596.11,2282297
GS,2024-11-20,583.83,587.8,576.62,581.93,1528869
GS,2024-11-19,579.66,584.7637,575.51,581.38,2217724
GS,2024-11-18,594.71,595.07,584.715,587.99,1857601
GS,2024-11-15,593.36,595.14,587.09,593.54,2007812
GS,2024-11-14,600.0,601.53,586.24,588.61,1670468
GS,2024-11-13,594.63,603.5499,592.65,594.22,1763195
GS,2024-11-12,598.05,602.09,591.47,592.59,2392850
GS,2024-11-11,598.9,607.15,596.165,602.34,2510802
GS,2024-11-08,586.42,595.15,581.3,589.26,2713956
GS,2024-11-07,590.0,595.0,581.5232,582.17,4475600
GS,2024-11-06,567.3,598.605,566.1,595.98,8042841
GS,2024-11-05,513.0,527.46,512.6,526.96,2169936
GS,2024-11-04,518.0,518.05,510.51,511.47,1798045
GS,2024-11-01,520.0,526.64,517.04,519.35,1625284
GS,2024-10-31,522.44,525.0,514.5301,517.79,2061658
GS,2024-10-30,523.4,530.785,523.07,524.4,1441947
GS,2024-10-29,521.18,527.24,521.0,524.28,1281786
GS,2024-10-28,515.4,524.59,514.975,523.58,1687386
GS,2024-10-25,528.05,528.8,510.74,512.6,1633203
HD,2025-03-21,351.59,353.39,346.425,351.325,8175823
HD,2025-03-20,354.69,361.7665,352.2,355.52,3391223
HD,2025-03-19,352.0,354.4263,348.985,353.42,2990191
HD,2025-03-18,353.53,353.89,347.59,349.57,3008238
HD,2025-03-17,351.76,355.55,350.96,354.13,3681459
HD,2025-03-14,350.65,351.39,345.42,351.31,5510696
HD,2025-03-13,361.91,362.0,345.26,347.25,7062396
HD,2025-03-12,371.97,372.0,361.75,364.73,3368038
HD,2025-03-11,374.22,374.93,365.7276,368.16,4013320
HD,2025-03-10,377.44,383.12,372.61,374.65,3702608
HD,2025-03-07,379.5,380.6502,368.9,376.8,4574277
HD,2025-03-06,383.5,387.76,380.73,381.73,4221975
HD,2025-03-05,379.0,387.12,378.01,386.35,2780317
HD,2025-03-04,386.15,387.96,378.9,381.68,4384823
HD,2025-03-03,396.95,397.07,386.47,389.69,3397551
HD,2025-02-28,394.42,396.87,390.2819,396.6,4263916
HD,2025-02-27,389.91,395.47,388.325,390.27,2825142
HD,2025-02-26,395.24,398.87,388.56,390.48,3871549
HD,2025-02-25,385.0,401.01,384.19,393.29,6823898
HD,2025-02-24,386.09,386.55,378.2,382.42,5722039
HD,2025-02-21,396.4,397.815,383.9,385.3,5286976
HD,2025-02-20,393.0,394.76,391.1,394.64,2703526
HD,2025-02-19,397.22,398.64,392.935,395.43,3780014
HD,2025-02-18,408.31,408.87,400.22,403.31,3994025
HD,2025-02-14,415.0,417.9999,408.5551,409.5,3004396
HD,2025-02-13,408.71,412.98,407.49,412.43,3067859
HD,2025-02-12,408.58,409.65,402.12,407.14,3387401
HD,2025-02-11,414.0,416.57,412.74,416.36,1442188
HD,2025-02-10,410.64,414.95,408.7902,413.99,2617582
HD,2025-02-07,413.2,414.2899,406.5,407.37,2530505
HD,2025-02-06,414.91,417.79,413.0,414.16,2023667
HD,2025-02-05,415.15,415.15,408.14,413.82,2212115
HD,2025-02-04,409.51,412.58,406.085,411.49,2150773
HD,2025-02-03,406.12,411.9,401.01,408.76,2896444
HD,2025-01-31,413.17,416.38,410.32,411.98,2761798
HD,2025-01-30,416.41,417.3236,411.5192,414.5,3081304
HD,2025-01-29,420.22,421.37,411.79,413.42,2385201
HD,2025-01-28,423.24,423.24,416.7,418.83,2818648
HD,2025-01-27,414.9,426.1859,414.0,424.87,3699202
HD,2025-01-24,414.09,415.01,410.755,414.5,2370116
HD,2025-01-23,411.57,414.69,408.75,414.39,3840275
HD,2025-01-22,417.55,417.55,409.33,410.1,3581351
HD,2025-01-21,413.0,420.22,413.0,418.43,3568089
HD,2025-01-17,413.49,414.45,408.53,409.38,3228960
HD,2025-01-16,406.27,410.105,403.916,409.33,2305938
HD,2025-01-15,406.65,408.0,401.76,406.09,4584769
HD,2025-01-14,390.59,394.2,389.63,392.78,3405174
HD,2025-01-13,389.99,395.86,387.7,389.18,3512936
HD,2025-01-10,388.91,392.91,384.615,389.89,5323431
HD,2025-01-08,383.0,387.69,380.1,387.2,2848462
HD,2025-01-07,390.9,391.9,383.1,384.23,2274312
HD,2025-01-06,390.5,393.99,388.03,389.37,3274669
HD,2025-01-03,389.82,391.01,385.81,389.18,2232389
HD,2025-01-02,392.13,392.67,386.38,388.46,2418343
HD,2024-12-31,390.01,391.46,387.3,388.99,2179671
HD,2024-12-30,390.53,391.21,385.68,389.43,2444858
HD,2024-12-27,392.14,395.47,391.37,392.86,1942681
HD,2024-12-26,392.52,395.78,391.62,395.14,1321218
HD,2024-12-24,392.13,396.14,390.5,396.14,1392629
HD,2024-12-23,391.1,393.24,387.03,392.45,2434007
HD,2024-12-20,383.37,393.2872,383.05,392.6,8046363
HD,2024-12-19,394.74,395.14,384.89,385.02,4576147
HD,2024-12-18,407.0,410.71,393.38,393.82,4225524
HD,2024-12-17,410.0,410.4,406.23,408.47,3726820
HD,2024-12-16,417.85,418.48,410.69,410.71,2879619
HD,2024-12-13,415.77,418.14,414.18,416.98,2649853
HD,2024-12-12,421.43,422.75,413.18,414.42,3673612
HD,2024-12-11,425.23,428.0,421.26,421.38,4211198
HD,2024-12-10,426.9,427.31,421.41,422.59,3354873
HD,2024-12-09,432.35,436.36,428.03,429.18,3425988
HD,2024-12-06,428.7,435.75,427.01,431.37,3161705
HD,2024-12-05,426.6,429.7594,425.88,426.54,2523528
HD,2024-12-04,426.41,428.83,425.5,427.92,1969019
HD,2024-12-03,429.73,430.68,423.32,429.35,2713985
HD,2024-12-02,429.0,430.4,423.155,426.96,2617198
HD,2024-11-29,428.56,431.0,427.54,429.13,2028714
HD,2024-11-27,428.6,430.1,425.96,427.19,2293453
HD,2024-11-26,428.6,439.37,424.695,429.52,2758597
HD,2024-11-25,425.0,430.25,424.46,428.67,4544233
HD,2024-11-22,412.09,420.14,410.95,420.0,4932501
HD,2024-11-21,401.33,411.39,400.38,410.45,3722586
HD,2024-11-20,406.0,406.7,399.92,400.0,4732195
HD,2024-11-19,408.38,409.16,399.36,406.8,3239356
HD,2024-11-18,405.5,412.54,403.95,410.44,3394375
HD,2024-11-15,402.9,408.91,402.9,408.18,3239545
HD,2024-11-14,408.0,411.5,404.39,405.72,3348056
HD,2024-11-13,409.13,412.7399,406.7201,410.19,3083105
HD,2024-11-12,414.25,416.02,402.19,403.08,5647107
HD,2024-11-11,407.77,411.6,405.825,408.29,4071533
HD,2024-11-08,404.0,406.4,402.3001,405.9,3448699
HD,2024-11-07,391.0,399.76,390.8,399.44,4323070
HD,2024-11-06,394.04,394.04,381.72,388.37,7133367
HD,2024-11-05,394.97,400.23,393.8601,400.09,2496489
HD,2024-11-04,391.95,400.48,391.07,395.57,2690877
HD,2024-11-01,394.8,398.71,392.01,392.59,3277974
HD,2024-10-31,390.5,395.67,390.5,393.75,2518637
HD,2024-10-30,395.0,397.69,391.94,392.52,2795609
HD,2024-10-29,393.94,399.105,389.05,395.07,3822679
HD,2024-10-28,403.45,405.8399,401.95,402.89,2586529
HD,2024-10-25,403.52,403.52,397.83,398.91,1941426
HON,2025-03-20,207.59,211.67,207.295,210.89,3583283
HON,2025-03-19,210.29,212.12,208.31,208.65,6408344
HON,2025-03-18,210.41,211.51,208.83,209.74,3811392
HON,2025-03-17,208.44,211.11,207.725,210.42,4415159
HON,2025-03-14,208.47,211.15,207.89,209.47,3884590
HON,2025-03-13,205.66,207.9,205.11,206.69,3530967
HON,2025-03-12,207.09,207.79,204.73,206.35,3812680
HON,2025-03-11,213.49,213.75,206.92,208.59,5243484
HON,2025-03-10,214.29,218.47,213.58,213.82,4169721
HON,2025-03-07,211.25,215.36,210.79,214.52,5682735
HON,2025-03-06,208.94,211.74,207.9048,211.26,5042728
HON,2025-03-05,208.0,210.43,206.79,209.62,5295803
HON,2025-03-04,211.7,212.53,207.83,208.0,6961807
HON,2025-03-03,213.72,216.055,211.03,212.02,5333469
HON,2025-02-28,212.99,213.77,210.59,212.89,3976646
HON,2025-02-27,211.79,214.885,211.62,212.27,2755384
HON,2025-02-26,210.83,212.71,209.7526,211.33,3126930
HON,2025-02-25,211.15,213.82,211.02,212.0,3798426
HON,2025-02-24,211.76,215.19,209.72,209.91,6742157
HON,2025-02-21,211.16,212.5,209.4,211.94,6222122
HON,2025-02-20,209.59,211.5,208.87,211.35,3635989
HON,2025-02-19,207.93,211.7,207.92,210.81,5064594
HON,2025-02-18,204.415,208.39,202.78,208.04,4897883
HON,2025-02-14,204.82,205.14,201.54,202.75,5351415
HON,2025-02-13,206.51,207.3,204.61,205.27,3382403
HON,2025-02-12,205.585,206.29,204.25,205.01,3413222
HON,2025-02-11,206.57,209.34,205.78,206.94,3077514
HON,2025-02-10,206.55,209.155,205.08,208.52,6628210
HON,2025-02-07,212.0,213.4,205.375,205.52,6696581
HON,2025-02-06,215.0,215.24,206.18,209.82,12185282
HON,2025-02-05,223.55,224.205,219.25,222.35,4596931
HON,2025-02-04,224.57,225.7,223.11,223.55,3442900
HON,2025-02-03,222.5,223.3,219.6633,222.41,3220569
HON,2025-01-31,222.85,225.95,222.545,223.72,2481816
HON,2025-01-30,222.05,224.7,221.58,224.06,1813433
HON,2025-01-29,220.95,222.8,220.65,221.05,1916268
HON,2025-01-28,224.72,224.72,220.17,220.7,3599491
HON,2025-01-27,220.25,225.87,220.1,225.71,3111027
HON,2025-01-24,225.0,227.15,221.28,221.51,6332908
HON,2025-01-23,223.45,226.07,222.75,225.66,3036822
HON,2025-01-22,224.0,224.54,222.64,223.09,2972518
HON,2025-01-21,223.37,227.73,223.1901,225.07,4656600
HON,2025-01-17,226.84,226.87,222.29,222.58,3349234
HON,2025-01-16,220.0,224.53,219.9238,222.69,4611744
HON,2025-01-15,219.78,220.53,216.19,219.54,4647771
HON,2025-01-14,220.34,220.51,214.6,218.5,4021811
HON,2025-01-13,217.67,228.97,217.42,219.1,5392319
HON,2025-01-10,219.97,220.0,216.28,218.19,3585164
HON,2025-01-08,220.09,221.38,219.2,220.17,3120530
HON,2025-01-07,221.5,223.08,219.9065,220.63,3016422
HON,2025-01-06,224.68,226.92,221.36,221.74,3829308
HON,2025-01-03,225.98,227.42,225.86,226.52,2637525
HON,2025-01-02,227.07,227.99,224.65,225.52,2089908
HON,2024-12-31,227.15,227.545,225.6,225.89,1936889
HON,2024-12-30,227.15,227.43,225.4,226.6,2371579
HON,2024-12-27,231.0,231.56,228.8,229.51,3053908
HON,2024-12-26,228.78,232.01,228.42,231.86,3072184
HON,2024-12-24,226.65,229.28,225.65,228.9,1873589
HON,2024-12-23,227.77,228.25,225.95,227.14,3467872
HON,2024-12-20,225.16,229.75,224.62,228.32,6833319
HON,2024-12-19,228.62,233.5,226.3,226.88,4871103
HON,2024-12-18,233.7,234.7,226.41,226.86,6428865
HON,2024-12-17,238.16,238.31,231.64,233.13,5382412
HON,2024-12-16,232.46,237.9432,230.15,236.0,8197292
HON,2024-12-13,225.94,229.09,225.87,227.62,2432344
HON,2024-12-12,227.75,229.94,227.34,227.69,2715885
HON,2024-12-11,231.89,234.0,227.86,229.06,4382520
HON,2024-12-10,225.16,229.54,224.58,229.08,3547932
HON,2024-12-09,226.64,227.735,224.94,225.09,2542823
HON,2024-12-06,227.29,227.96,225.71,226.38,3180066
HON,2024-12-05,229.95,230.14,225.5101,226.29,5183727
HON,2024-12-04,227.395,230.14,226.79,229.79,2654773
HON,2024-12-03,228.14,229.2,223.16,226.96,4023330
HON,2024-12-02,233.19,233.7128,229.81,229.95,3225380
HON,2024-11-29,229.41,233.27,229.41,232.93,1917465
HON,2024-11-27,232.18,232.96,229.47,229.64,2870048
HON,2024-11-26,231.8,232.5,229.85,230.4,4203200
HON,2024-11-25,231.12,231.99,229.7,230.6,3837698
HON,2024-11-22,227.75,230.12,227.1201,229.11,3834380
HON,2024-11-21,228.0,228.87,224.82,226.09,5630844
HON,2024-11-20,227.24,228.89,225.41,226.67,4633042
HON,2024-11-19,227.33,228.91,226.27,228.2,3696895
HON,2024-11-18,229.48,230.07,228.27,228.85,3446209
HON,2024-11-15,229.0,231.2,228.39,228.99,3707893
HON,2024-11-14,232.99,234.57,230.285,230.67,3837299
HON,2024-11-13,235.0,236.53,232.18,233.07,5531218
HON,2024-11-12,239.36,242.77,229.58,233.91,11088659
HON,2024-11-11,219.2,225.32,219.2,225.24,7298570
HON,2024-11-08,217.45,219.71,216.5101,219.49,5694771
HON,2024-11-07,216.95,218.35,215.42,217.5,5373275
HON,2024-11-06,212.06,216.89,209.09,216.4,6152479
HON,2024-11-05,208.2,211.84,206.62,208.78,7377556
HON,2024-11-04,208.83,208.83,206.42,207.54,4030035
HON,2024-11-01,206.29,209.53,205.78,209.19,4484366
HON,2024-10-31,204.65,206.15,203.385,205.68,4654890
HON,2024-10-30,204.45,206.63,203.09,204.2,5354151
HON,2024-10-29,205.03,207.6,203.03,205.98,6070779
HON,2024-10-28,208.06,208.7145,204.91,206.1,6094811
HON,2024-10-25,209.1,210.36,206.64,208.0,6088157
HON,2024-10-24,214.37,216.2,208.9,209.1,8700221
IBM,2025-03-21,242.76,245.205,238.51,243.7,9566899
IBM,2025-03-20,244.24,246.8,237.224,243.32,7026796
IBM,2025-03-19,248.33,253.66,246.64,252.29,3853598
IBM,2025-03-18,252.51,252.57,245.12,246.95,4172239
IBM,2025-03-17,249.25,254.63,249.0,252.97,3234149
IBM,2025-03-14,242.745,248.9499,241.68,248.35,4045284
IBM,2025-03-13,248.8,249.27,243.04,245.8,3862416
IBM,2025-03-12,250.35,253.1273,245.53,249.63,3849206
IBM,2025-03-11,255.99,256.7,245.86,248.95,5630570
IBM,2025-03-10,261.56,266.45,254.75,256.9,8126234
IBM,2025-03-07,245.95,261.96,245.1823,261.54,6700184
IBM,2025-03-06,249.75,252.1,246.8019,248.69,3254358
IBM,2025-03-05,251.58,252.74,247.0146,251.35,4009813
IBM,2025-03-04,248.75,255.48,248.1,253.21,5342106
IBM,2025-03-03,254.735,255.99,248.245,250.19,2977699
IBM,2025-02-28,250.855,252.8099,246.54,252.44,7988809
IBM,2025-02-27,255.22,257.63,253.05,253.23,3402234
IBM,2025-02-26,258.1,258.325,254.4104,255.84,3460124
IBM,2025-02-25,261.08,263.48,256.77,257.75,6292487
IBM,2025-02-24,261.5,263.845,259.58,261.87,4398107
IBM,2025-02-21,263.845,264.83,261.1,261.48,5667874
IBM,2025-02-20,263.65,265.09,262.15,264.74,4884805
IBM,2025-02-19,262.0,264.36,260.09,264.32,3718678
IBM,2025-02-18,261.93,263.965,259.83,263.07,4262812
IBM,2025-02-14,259.0,261.94,257.91,261.28,3925277
IBM,2025-02-13,255.66,259.28,254.41,259.19,4531538
IBM,2025-02-12,252.72,256.4,252.02,255.81,3075308
IBM,2025-02-11,251.1,256.75,250.58,254.7,4801550
IBM,2025-02-10,250.86,251.95,246.87,249.27,3564400
IBM,2025-02-07,255.28,256.93,252.02,252.34,3370284
IBM,2025-02-06,262.98,263.38,252.73,253.44,6128293
IBM,2025-02-05,265.71,265.72,261.18,263.3,6165096
IBM,2025-02-04,260.0,265.25,258.1233,264.46,6077652
IBM,2025-02-03,252.4,262.06,251.84,260.73,8408523
IBM,2025-01-31,256.05,257.235,251.89,255.7,7203519
IBM,2025-01-30,250.0,261.8,247.01,258.27,15381890
IBM,2025-01-29,225.62,229.47,223.73,228.63,7079804
IBM,2025-01-28,224.32,225.77,221.77,225.66,4485429
IBM,2025-01-27,222.19,224.3,219.84,224.13,4898355
IBM,2025-01-24,225.27,226.8104,223.8,224.8,3233293
IBM,2025-01-23,223.94,226.04,223.15,226.04,3619651
IBM,2025-01-22,221.98,224.4,220.35,223.26,4759490
IBM,2025-01-21,224.99,227.45,222.8302,224.26,3982203
IBM,2025-01-17,225.955,225.955,223.64,224.79,5506837
IBM,2025-01-16,219.69,222.68,217.38,222.66,3329060
IBM,2025-01-15,220.87,221.6761,218.01,220.03,2951825
IBM,2025-01-14,218.0,218.125,214.61,217.75,3485829
IBM,2025-01-13,217.89,219.59,214.75,217.4,3716816
IBM,2025-01-10,222.0,222.43,216.8,219.75,3570497
IBM,2025-01-08,223.91,224.9,220.83,223.18,2619768
IBM,2025-01-07,223.35,226.711,222.83,223.96,3299701
IBM,2025-01-06,223.0,224.35,220.75,222.67,2847128
IBM,2025-01-03,220.55,223.66,220.55,222.65,3873578
IBM,2025-01-02,221.82,222.49,217.6,219.94,2579498
IBM,2024-12-31,220.72,221.0493,218.44,219.83,2270512
IBM,2024-12-30,220.54,221.5942,217.6523,220.25,2095565
IBM,2024-12-27,223.14,224.42,221.4054,222.78,1810760
IBM,2024-12-26,223.31,225.4,222.55,224.89,3287238
IBM,2024-12-24,222.27,224.4446,221.5428,224.41,1186216
IBM,2024-12-23,222.81,223.74,221.08,221.93,2988137
IBM,2024-12-20,222.73,227.6847,221.68,223.36,12423200
IBM,2024-12-19,224.42,226.2,222.98,223.92,4430120
IBM,2024-12-18,229.035,229.035,220.03,220.17,4152517
IBM,2024-12-17,229.23,230.2,227.62,228.97,3651346
IBM,2024-12-16,230.73,231.03,226.88,229.33,3610257
IBM,2024-12-13,232.25,233.775,230.26,230.82,2757683
IBM,2024-12-12,230.66,233.89,230.38,232.26,4515741
IBM,2024-12-11,232.69,233.0,229.13,230.12,3872680
IBM,2024-12-10,228.4,234.39,227.8,231.72,4769531
IBM,2024-12-09,238.0,239.35,228.91,230.0,4970449
IBM,2024-12-06,234.43,238.38,234.22,238.04,4028430
IBM,2024-12-05,233.55,236.52,233.46,234.75,4791116
IBM,2024-12-04,230.0,233.74,229.35,233.49,4104195
IBM,2024-12-03,227.24,229.11,226.67,229.0,3163815
IBM,2024-12-02,227.5,228.38,225.51,227.39,2656181
IBM,2024-11-29,227.75,230.36,227.19,227.41,2640253
IBM,2024-11-27,228.83,229.19,224.27,226.92,2995121
IBM,2024-11-26,226.73,228.98,225.5115,228.83,4449543
IBM,2024-11-25,223.35,226.42,222.65,226.13,7189260
IBM,2024-11-22,223.35,227.2,220.89,222.97,5320740
IBM,2024-11-21,215.81,222.63,215.2701,222.4,5236434
IBM,2024-11-20,211.0,214.96,209.7725,214.6,4562901
IBM,2024-11-19,206.5,210.33,206.19,210.25,2860746
IBM,2024-11-18,207.0,208.415,205.3701,208.09,3406045
IBM,2024-11-15,207.46,208.49,204.07,204.99,3986460
IBM,2024-11-14,210.0,210.4999,206.35,208.99,6372853
IBM,2024-11-13,209.5,211.41,209.0701,210.92,3247830
IBM,2024-11-12,211.9,213.03,209.06,210.86,2818216
IBM,2024-11-11,214.4,215.41,213.48,213.57,3012987
IBM,2024-11-08,214.16,216.7,212.7809,213.72,3201038
IBM,2024-11-07,213.64,214.5199,211.93,213.69,3675812
IBM,2024-11-06,213.48,214.33,210.37,213.6,3934386
IBM,2024-11-05,206.17,208.115,205.57,207.57,2441535
IBM,2024-11-04,207.65,207.7,205.8,206.32,2594119
IBM,2024-11-01,207.77,209.84,207.41,208.25,3334308
IBM,2024-10-31,204.13,208.13,203.51,206.72,5925250
IBM,2024-10-30,209.48,211.12,204.26,204.9,6956624
IBM,2024-10-29,211.99,213.34,209.85,210.43,5258366
IBM,2024-10-28,215.5,216.25,212.7,212.91,4993343
IBM,2024-10-25,216.8,218.65,214.385,214.67,8482235
JNJ,2025-03-21,163.01,164.13,162.5,163.55,17012486
JNJ,2025-03-20,163.0,163.2,161.925,163.02,7485930
JNJ,2025-03-19,163.97,164.36,162.21,162.99,5936637
JNJ,2025-03-18,163.44,164.86,162.965,164.25,7348974
JNJ,2025-03-17,162.41,163.5,161.73,162.84,6669815
JNJ,2025-03-14,162.12,163.15,161.1,162.81,6235797
JNJ,2025-03-13,163.43,164.54,162.6601,162.99,5286734
JNJ,2025-03-12,163.73,164.21,162.23,162.85,8010692
JNJ,2025-03-11,167.2,167.3,165.05,165.86,9890648
JNJ,2025-03-10,167.48,169.9,167.05,167.7,17523663
JNJ,2025-03-07,165.13,168.46,164.7,166.69,9637593
JNJ,2025-03-06,165.0,165.87,163.51,165.83,8037888
JNJ,2025-03-05,164.51,166.4618,163.53,165.12,8745050
JNJ,2025-03-04,168.08,169.99,165.32,165.42,11999962
JNJ,2025-03-03,164.96,167.33,164.84,167.28,9191464
JNJ,2025-02-28,164.31,165.94,162.7,165.02,12037415
JNJ,2025-02-27,162.31,163.95,161.73,163.73,8364573
JNJ,2025-02-26,165.08,165.13,162.555,163.08,11396410
JNJ,2025-02-25,164.1,166.43,163.94,166.09,12303697
JNJ,2025-02-24,162.68,164.87,162.05,163.74,10201917
JNJ,2025-02-21,159.88,163.51,159.28,162.3,12546930
JNJ,2025-02-20,156.95,159.95,156.95,159.68,7224030
JNJ,2025-02-19,155.0,158.3,154.75,157.89,7974736
JNJ,2025-02-18,154.14,155.45,153.24,154.99,9670657
JNJ,2025-02-14,157.29,157.47,156.06,156.15,6411840
JNJ,2025-02-13,155.26,158.13,154.79,157.25,10705077
JNJ,2025-02-12,155.27,155.6599,154.27,155.26,7746014
JNJ,2025-02-11,154.11,156.39,153.94,156.13,7554811
JNJ,2025-02-10,153.61,154.37,152.29,154.24,6936561
JNJ,2025-02-07,153.53,154.49,152.8,153.12,6204916
JNJ,2025-02-06,154.79,154.8402,153.38,153.51,7418468
JNJ,2025-02-05,153.82,154.73,153.31,154.69,8946957
JNJ,2025-02-04,151.36,154.18,150.945,153.49,9645289
JNJ,2025-02-03,152.0,152.465,150.78,151.87,6687487
JNJ,2025-01-31,152.62,153.18,152.055,152.15,8458715
JNJ,2025-01-30,151.91,154.14,151.36,152.87,8910983
JNJ,2025-01-29,150.5,151.88,150.0,151.15,7156421
JNJ,2025-01-28,152.66,152.97,150.3,150.38,10320613
JNJ,2025-01-27,148.45,153.45,148.0,152.89,15152314
JNJ,2025-01-24,146.805,147.631,146.383,146.82,9887682
JNJ,2025-01-23,145.44,147.91,144.8144,146.64,10506361
JNJ,2025-01-22,144.0,145.47,142.11,145.27,16834747
JNJ,2025-01-21,147.56,148.86,147.05,148.15,11111747
JNJ,2025-01-17,147.44,148.38,146.61,147.03,10773054
JNJ,2025-01-16,144.32,148.07,144.06,147.77,8964016
JNJ,2025-01-15,145.31,146.05,144.26,144.97,7434562
JNJ,2025-01-14,144.5,144.81,142.86,144.75,8681741
JNJ,2025-01-13,142.98,145.07,142.31,144.47,10376377
JNJ,2025-01-10,141.0,143.67,140.68,142.06,8821541
JNJ,2025-01-08,145.49,145.59,141.44,142.27,11175552
JNJ,2025-01-07,143.755,147.18,143.59,146.23,8422010
JNJ,2025-01-06,143.51,144.815,142.93,143.66,7910493
JNJ,2025-01-03,144.07,144.575,143.62,144.19,5879816
JNJ,2025-01-02,145.23,145.77,143.78,144.02,6051330
JNJ,2024-12-31,143.76,144.67,143.3098,144.62,5811401
JNJ,2024-12-30,144.84,144.88,142.95,143.34,6268692
JNJ,2024-12-27,144.87,146.6,144.68,145.05,5588306
JNJ,2024-12-26,145.51,146.37,145.09,145.58,4656981
JNJ,2024-12-24,145.0,145.85,144.3325,145.85,3164071
JNJ,2024-12-23,144.63,145.33,143.45,145.27,8720824
JNJ,2024-12-20,143.05,145.47,142.75,144.47,17702755
JNJ,2024-12-19,144.14,145.22,143.37,143.58,9516653
JNJ,2024-12-18,145.678,146.74,144.67,144.75,9336094
JNJ,2024-12-17,143.84,146.66,143.71,146.41,10342958
JNJ,2024-12-16,146.73,147.25,143.52,143.85,8732378
JNJ,2024-12-13,145.66,146.93,145.04,146.62,8324900
JNJ,2024-12-12,147.2,147.77,146.01,146.24,6176269
JNJ,2024-12-11,148.5,148.5,146.37,146.64,13446656
JNJ,2024-12-10,149.93,150.83,148.33,149.23,9398671
JNJ,2024-12-09,149.29,150.89,148.44,149.6,8410303
JNJ,2024-12-06,149.39,150.05,148.38,149.31,8389611
JNJ,2024-12-05,150.0,150.38,148.95,149.52,7898098
JNJ,2024-12-04,151.29,151.56,149.75,150.47,10333110
JNJ,2024-12-03,154.8,154.8,152.305,152.36,8674415
JNJ,2024-12-02,154.75,155.0,153.9258,154.8,6946494
JNJ,2024-11-29,154.89,155.67,154.17,155.01,5687821
JNJ,2024-11-27,154.63,156.63,154.6,155.4,4140444
JNJ,2024-11-26,155.16,155.25,153.16,154.52,5683499
JNJ,2024-11-25,155.17,157.035,155.14,155.78,12256242
JNJ,2024-11-22,155.9,157.115,154.11,155.17,8265961
JNJ,2024-11-21,153.62,156.06,152.81,155.5,10141056
JNJ,2024-11-20,153.03,153.25,151.81,153.11,9061274
JNJ,2024-11-19,153.945,153.99,152.05,153.0,8233678
JNJ,2024-11-18,152.59,155.33,152.33,154.77,7514177
JNJ,2024-11-15,150.9,154.43,150.9,154.0,11328515
JNJ,2024-11-14,153.18,153.5918,150.76,151.87,7716385
JNJ,2024-11-13,152.5,153.51,151.4245,153.24,7162233
JNJ,2024-11-12,154.53,155.04,152.37,152.64,7181408
JNJ,2024-11-11,155.62,157.58,154.91,155.04,7146759
JNJ,2024-11-08,157.0,157.08,155.41,155.47,8926134
JNJ,2024-11-07,158.47,158.75,156.51,156.73,7522812
JNJ,2024-11-06,159.9,160.85,157.355,157.88,8926601
JNJ,2024-11-05,157.67,158.59,156.35,158.35,6547074
JNJ,2024-11-04,159.7,160.28,158.07,158.24,4644011
JNJ,2024-11-01,160.58,161.06,159.88,160.13,5256652
JNJ,2024-10-31,159.99,160.87,159.46,159.86,8613860
JNJ,2024-10-30,159.45,161.28,159.0302,160.61,5820530
JNJ,2024-10-29,161.46,162.17,160.06,160.09,5216879
JNJ,2024-10-28,161.13,161.97,161.0,161.6,4842653
JNJ,2024-10-25,163.68,163.92,160.61,160.88,6400449
JPM,2025-03-21,237.81,242.3,236.5,241.56,19301707
JPM,2025-03-20,236.56,241.76,236.2,239.01,8328513
JPM,2025-03-19,235.74,242.33,234.89,239.11,10120588
JPM,2025-03-18,234.32,236.17,233.52,234.97,10344866
JPM,2025-03-17,231.18,235.6695,230.455,233.93,9586025
JPM,2025-03-14,228.12,233.143,227.58,232.44,11962108
JPM,2025-03-13,229.3,229.5,224.23,225.19,16467851
JPM,2025-03-12,234.0,234.32,227.26,227.9,16054015
JPM,2025-03-11,231.745,233.32,226.69,229.14,18142995
JPM,2025-03-10,236.21,237.51,228.7,232.22,18730564
JPM,2025-03-07,245.23,246.72,239.42,242.28,20498734
JPM,2025-03-06,248.11,249.36,243.85,246.54,9983235
JPM,2025-03-05,251.25,253.05,247.83,251.53,7861424
JPM,2025-03-04,255.28,257.23,245.95,250.25,13465630
JPM,2025-03-03,264.0,266.32,257.82,260.62,9058307
JPM,2025-02-28,260.73,264.81,257.89,264.65,10467126
JPM,2025-02-27,260.18,263.64,257.86,259.05,8204447
JPM,2025-02-26,257.16,260.9115,256.93,258.79,5943585
JPM,2025-02-25,262.23,263.0,253.35,257.4,9608439
JPM,2025-02-24,265.49,267.0,258.61,261.34,10372751
JPM,2025-02-21,268.32,269.1955,262.84,264.24,12835566
JPM,2025-02-20,278.675,278.74,265.735,266.8,13846671
JPM,2025-02-19,278.38,280.25,277.22,279.25,7007248
JPM,2025-02-18,276.76,279.97,276.02,279.95,7919798
JPM,2025-02-14,277.37,279.2334,276.45,276.59,5688627
JPM,2025-02-13,275.5,276.97,273.81,276.32,8398667
JPM,2025-02-12,274.08,276.45,273.25,275.45,6683894
JPM,2025-02-11,270.26,276.22,269.66,274.99,7196376
JPM,2025-02-10,276.15,276.18,269.59,271.04,8627352
JPM,2025-02-07,277.27,278.55,274.715,275.8,6857875
JPM,2025-02-06,272.45,276.98,271.19,276.9,7264371
JPM,2025-02-05,268.91,270.64,268.33,270.43,5704431
JPM,2025-02-04,269.84,269.84,266.83,267.94,5625972
JPM,2025-02-03,261.83,268.165,261.7009,266.81,8381361
JPM,2025-01-31,269.23,270.82,266.96,267.3,7196268
JPM,2025-01-30,268.63,269.7,266.6201,268.23,8753466
JPM,2025-01-29,267.21,270.68,265.61,266.58,7684870
JPM,2025-01-28,265.85,267.33,264.8301,267.14,7375391
JPM,2025-01-27,264.17,265.97,262.26,265.85,7522258
JPM,2025-01-24,263.69,267.1,263.01,264.84,7666261
JPM,2025-01-23,264.69,266.8599,263.81,265.95,10749681
JPM,2025-01-22,262.9,263.38,260.25,262.84,9021914
JPM,2025-01-21,260.07,264.25,259.5037,263.03,13712114
JPM,2025-01-17,254.14,260.62,252.14,259.16,17678101
JPM,2025-01-16,254.0,257.035,252.33,254.27,15292348
JPM,2025-01-15,250.4,253.6699,243.68,252.35,18448520
JPM,2025-01-14,242.66,247.72,242.19,247.47,12407386
JPM,2025-01-13,239.67,244.54,239.0,244.21,10005315
JPM,2025-01-10,243.09,243.81,238.74,239.87,10256829
JPM,2025-01-08,242.75,244.25,240.5,243.13,8675284
JPM,2025-01-07,242.14,245.26,240.9,243.17,8753357
JPM,2025-01-06,243.695,245.69,240.58,240.85,9917836
JPM,2025-01-03,243.89,244.88,240.26,243.28,9491053
JPM,2025-01-02,240.92,243.276,239.45,240.0,9220914
JPM,2024-12-31,240.05,241.4393,239.03,239.71,4870971
JPM,2024-12-30,238.77,240.84,237.11,239.32,5723765
JPM,2024-12-27,242.72,243.39,240.04,241.17,5730607
JPM,2024-12-26,241.43,243.26,240.79,243.14,4452168
JPM,2024-12-24,239.43,242.4922,239.07,242.31,3729092
JPM,2024-12-23,236.07,238.62,234.88,238.39,8611528
JPM,2024-12-20,231.92,239.21,231.5877,237.6,32348414
JPM,2024-12-19,232.27,236.36,232.27,232.96,11790773
JPM,2024-12-18,239.0,239.07,229.53,230.37,11322358
JPM,2024-12-17,238.65,239.02,236.63,238.36,8083635
JPM,2024-12-16,240.61,240.67,237.52,239.58,9032044
JPM,2024-12-13,242.07,242.715,239.1437,239.94,10392749
JPM,2024-12-12,243.0,244.1,241.04,241.53,6113771
JPM,2024-12-11,244.0,244.27,242.18,243.53,7884442
JPM,2024-12-10,243.89,247.96,242.22,242.86,9108339
JPM,2024-12-09,247.13,247.8699,243.76,243.81,7076466
JPM,2024-12-06,245.7,247.74,244.84,247.36,5519738
JPM,2024-12-05,245.39,247.18,244.62,245.48,6572536
JPM,2024-12-04,244.7,245.345,242.23,243.4,7346265
JPM,2024-12-03,248.23,249.04,244.63,244.82,6657694
JPM,2024-12-02,249.55,250.25,245.03,246.25,8899741
JPM,2024-11-29,249.86,251.77,249.45,249.72,5494825
JPM,2024-11-27,249.35,251.19,248.771,249.79,5472265
JPM,2024-11-26,250.49,251.0,248.34,249.97,6212142
JPM,2024-11-25,249.59,254.31,249.06,250.29,10295350
JPM,2024-11-22,243.61,249.15,243.0347,248.55,7997307
JPM,2024-11-21,243.23,245.49,242.105,244.76,8783516
JPM,2024-11-20,244.4,244.61,238.64,240.78,9015290
JPM,2024-11-19,242.25,245.1509,241.55,243.09,6792660
JPM,2024-11-18,247.76,247.93,242.68,245.03,9052575
JPM,2024-11-15,241.46,246.42,241.46,245.31,11518836
JPM,2024-11-14,242.415,244.29,241.05,241.87,10172202
JPM,2024-11-13,240.58,244.09,240.31,241.16,11472557
JPM,2024-11-12,240.55,241.46,238.76,239.56,6860956
JPM,2024-11-11,240.0,242.1,239.0,239.29,9017079
JPM,2024-11-08,239.34,239.34,235.78,236.98,9502100
JPM,2024-11-07,244.5,244.57,235.22,236.38,16451071
JPM,2024-11-06,235.0,248.0,234.77,247.06,23987753
JPM,2024-11-05,220.03,221.96,220.0,221.49,5600686
JPM,2024-11-04,222.65,223.76,219.17,219.78,8229588
JPM,2024-11-01,223.56,226.15,222.7,222.94,6923452
JPM,2024-10-31,224.7,225.69,221.82,221.92,7829932
JPM,2024-10-30,222.54,226.31,221.58,224.41,7110941
JPM,2024-10-29,225.21,226.75,222.81,222.9,6580004
JPM,2024-10-28,223.35,225.64,222.95,225.5,6842956
JPM,2024-10-25,225.0,225.62,220.875,222.31,6369720
MCD,2025-03-20,308.03,309.66,305.51,307.0,2723487
MCD,2025-03-19,303.99,308.08,303.63,306.92,2812212
MCD,2025-03-18,304.97,304.97,302.27,303.6,2435418
MCD,2025-03-17,301.3,305.23,300.03,303.97,2758628
MCD,2025-03-14,296.97,300.67,295.71,299.83,2696979
MCD,2025-03-13,300.43,303.465,297.27,297.5,4178882
MCD,2025-03-12,303.69,306.43,296.35,299.4,4546240
MCD,2025-03-11,317.62,317.7,306.31,306.76,4513135
MCD,2025-03-10,320.09,326.32,315.74,317.25,4698682
MCD,2025-03-07,310.82,323.17,310.35,321.29,7607616
MCD,2025-03-06,307.8,311.35,304.38,310.37,2954920
MCD,2025-03-05,304.0,308.46,303.37,307.45,2327472
MCD,2025-03-04,304.59,312.93,304.59,305.77,3954691
MCD,2025-03-03,308.11,309.49,302.43,304.29,4371634
MCD,2025-02-28,307.605,308.52,303.88,308.33,4972872
MCD,2025-02-27,305.19,311.7799,304.22,309.95,3350723
MCD,2025-02-26,311.7,314.55,303.68,304.27,4140908
MCD,2025-02-25,309.18,311.71,307.991,310.72,3891555
MCD,2025-02-24,305.0,310.44,304.12,307.57,3397553
MCD,2025-02-21,303.92,305.96,301.59,304.81,3036654
MCD,2025-02-20,300.83,303.13,298.15,303.05,3020024
MCD,2025-02-19,303.32,303.79,299.51,301.94,2990851
MCD,2025-02-18,307.35,307.35,303.54,304.83,3368090
MCD,2025-02-14,310.2,311.0,307.78,308.55,2674354
MCD,2025-02-13,307.5,311.53,305.63,310.02,3097175
MCD,2025-02-12,309.58,310.09,305.77,307.6,3110228
MCD,2025-02-11,307.37,311.59,306.17,310.21,4180762
MCD,2025-02-10,302.27,310.28,301.51,308.42,8051997
MCD,2025-02-07,294.36,296.85,293.82,294.3,2858016
MCD,2025-02-06,291.59,297.15,290.3201,294.36,3589988
MCD,2025-02-05,290.0,290.27,286.34,288.83,2363168
MCD,2025-02-04,289.76,290.64,288.37,289.77,2977102
MCD,2025-02-03,287.02,290.9,284.19,290.05,3049143
MCD,2025-01-31,289.83,291.25,287.35,288.7,2557033
MCD,2025-01-30,290.91,292.08,289.36,290.32,2125150
MCD,2025-01-29,291.38,293.14,290.0,290.11,2358272
MCD,2025-01-28,292.4,294.49,290.0,291.15,3180370
MCD,2025-01-27,286.605,293.43,285.81,293.09,4343019
MCD,2025-01-24,284.505,286.85,283.28,285.46,2523397
MCD,2025-01-23,280.75,285.0,280.6501,284.43,2279408
MCD,2025-01-22,283.3,283.53,280.405,281.35,3660600
MCD,2025-01-21,280.76,282.9,278.73,282.61,3858590
MCD,2025-01-17,280.98,284.08,280.0,280.95,3312793
MCD,2025-01-16,280.24,280.945,276.53,279.74,3403681
MCD,2025-01-15,284.33,284.65,280.61,282.3,2867781
MCD,2025-01-14,285.02,285.35,279.38,281.58,2238889
MCD,2025-01-13,282.94,284.5,280.35,283.63,3394291
MCD,2025-01-10,287.5,287.77,281.78,282.31,3946002
MCD,2025-01-08,288.97,289.14,286.55,286.9,2724217
MCD,2025-01-07,293.78,294.93,288.28,289.34,3419450
MCD,2025-01-06,293.28,295.6,291.74,292.18,2838933
MCD,2025-01-03,292.83,294.96,290.7,294.78,2240254
MCD,2025-01-02,290.95,295.7625,290.25,292.51,3118262
MCD,2024-12-31,290.08,291.24,288.58,289.89,1915847
MCD,2024-12-30,291.47,291.47,289.0,289.6,1936678
MCD,2024-12-27,293.34,296.4795,292.74,293.62,1617399
MCD,2024-12-26,293.0,295.435,292.6,294.8,1434337
MCD,2024-12-24,291.28,294.27,290.791,293.99,1460985
MCD,2024-12-23,292.255,293.1,289.73,291.29,2492226
MCD,2024-12-20,289.52,296.1,289.3001,292.68,7677952
MCD,2024-12-19,290.88,292.86,288.847,290.23,3438533
MCD,2024-12-18,295.02,298.9761,290.67,290.88,3800945
MCD,2024-12-17,297.62,300.0,294.82,296.08,3295881
MCD,2024-12-16,297.18,302.12,297.17,297.71,3180071
MCD,2024-12-13,296.29,299.2,295.43,296.6,2547703
MCD,2024-12-12,296.2,298.55,295.09,296.63,2040653
MCD,2024-12-11,301.34,301.9,295.97,296.1,3037616
MCD,2024-12-10,300.13,302.82,295.84,300.71,3522974
MCD,2024-12-09,297.585,302.6178,297.09,301.37,2391898
MCD,2024-12-06,300.56,303.7971,298.605,298.98,4158690
MCD,2024-12-05,295.54,299.74,294.9331,299.47,2594816
MCD,2024-12-04,292.28,296.04,291.82,295.09,3742938
MCD,2024-12-03,292.32,294.85,290.29,294.5,3030992
MCD,2024-12-02,293.5,294.23,290.94,292.44,3150151
MCD,2024-11-29,294.16,297.05,294.02,296.01,1655907
MCD,2024-11-27,297.0,299.5,294.98,295.08,2240280
MCD,2024-11-26,297.0,297.28,294.83,296.33,2254326
MCD,2024-11-25,291.765,296.61,291.765,296.19,5021843
MCD,2024-11-22,288.47,290.6,288.14,290.28,2879063
MCD,2024-11-21,285.0,288.6,283.46,288.47,4475662
MCD,2024-11-20,290.62,291.3199,288.255,290.91,2525012
MCD,2024-11-19,290.0,292.072,287.6,290.73,2353251
MCD,2024-11-18,293.01,295.44,290.7886,291.1,2866132
MCD,2024-11-15,297.72,299.495,289.72,292.63,4039432
MCD,2024-11-14,298.0,300.11,296.5901,298.56,1932557
MCD,2024-11-13,298.9,299.13,295.2172,297.35,2327101
MCD,2024-11-12,300.14,301.405,297.52,298.65,2453194
MCD,2024-11-11,300.49,303.81,300.02,301.53,2872440
MCD,2024-11-08,295.6,301.8321,295.25,298.97,3279284
MCD,2024-11-07,294.84,296.54,293.81,294.66,3357377
MCD,2024-11-06,300.28,300.33,292.72,294.0,4646422
MCD,2024-11-05,293.75,297.38,292.56,297.32,3032122
MCD,2024-11-04,294.74,294.96,291.801,292.85,2583053
MCD,2024-11-01,294.51,296.88,293.28,295.21,4131804
MCD,2024-10-31,292.25,294.38,291.17,292.11,4277428
MCD,2024-10-30,294.5,295.37,289.84,291.52,4924013
MCD,2024-10-29,297.5979,302.7,295.0,295.0,9048877
MCD,2024-10-28,299.2,299.92,296.5368,296.79,6655971
MCD,2024-10-25,301.0,301.6,292.2,292.61,8863234
MCD,2024-10-24,299.12,302.3899,298.28,301.58,5522591
MRK,2025-03-21,94.74,94.74,93.09,93.17,68284549
MRK,2025-03-20,93.995,95.16,93.68,94.73,12970165
MRK,2025-03-19,95.25,95.43,93.64,94.02,11355880
MRK,2025-03-18,95.225,95.41,93.84,94.72,8670307
MRK,2025-03-17,93.645,95.2956,93.08,94.79,12237906
MRK,2025-03-14,94.28,94.875,93.45,94.57,12681125
MRK,2025-03-13,93.4,96.34,93.4,94.71,16570142
MRK,2025-03-12,94.07,94.4,92.8575,93.35,11896007
MRK,2025-03-11,94.98,95.38,93.58,94.73,21734793
MRK,2025-03-10,94.69,97.0,94.69,95.23,20407882
MRK,2025-03-07,94.26,97.37,93.85,94.65,24100865
MRK,2025-03-06,93.13,94.05,91.78,94.0,11300177
MRK,2025-03-05,91.08,93.45,90.5,93.19,13117129
MRK,2025-03-04,93.57,95.36,92.32,92.56,15072992
MRK,2025-03-03,91.775,93.21,91.775,93.15,13636057
MRK,2025-02-28,90.705,92.35,90.705,92.25,15482079
MRK,2025-02-27,89.35,90.97,89.25,90.58,10717472
MRK,2025-02-26,91.3,91.37,88.86,89.38,13534225
MRK,2025-02-25,91.75,93.055,90.44,91.43,18417272
MRK,2025-02-24,89.71,91.85,88.93,91.27,19452296
MRK,2025-02-21,88.0,89.53,87.01,89.5,15678892
MRK,2025-02-20,85.9,87.7,85.9,87.68,14851549
MRK,2025-02-19,83.24,85.63,82.85,85.6,17435060
MRK,2025-02-18,81.13,83.59,81.04,83.29,25897772
MRK,2025-02-14,84.415,84.78,82.0939,83.01,26778993
MRK,2025-02-13,85.585,85.7,84.31,84.42,20415058
MRK,2025-02-12,86.07,86.67,85.61,85.67,14785256
MRK,2025-02-11,86.06,86.99,85.73,86.54,20922343
MRK,2025-02-10,87.2,87.98,86.27,86.4,21212053
MRK,2025-02-07,87.52,88.6,87.12,87.28,15814967
MRK,2025-02-06,89.41,89.5713,87.84,88.05,19509701
MRK,2025-02-05,90.39,90.74,87.995,89.67,21670599
MRK,2025-02-04,89.0,91.23,87.33,90.74,50837558
MRK,2025-02-03,98.13,100.15,98.0,99.79,13363888
MRK,2025-01-31,99.1,100.0599,98.58,98.82,11421621
MRK,2025-01-30,99.41,99.41,98.23,98.95,10164720
MRK,2025-01-29,97.42,99.15,97.39,98.28,10225477
MRK,2025-01-28,97.35,98.88,96.59,97.45,12840948
MRK,2025-01-27,96.63,98.62,95.98,97.94,15093381
MRK,2025-01-24,96.79,97.1,95.405,95.55,12244790
MRK,2025-01-23,96.11,97.155,95.22,96.63,11522811
MRK,2025-01-22,95.955,97.0,95.15,95.68,13070881
MRK,2025-01-21,98.08,98.27,95.76,96.24,17756056
MRK,2025-01-17,100.47,100.47,97.92,97.92,16181960
MRK,2025-01-16,100.44,100.895,99.95,100.7,7749642
MRK,2025-01-15,100.095,100.82,99.61,100.09,9170335
MRK,2025-01-14,101.26,101.49,99.01,99.65,10927440
MRK,2025-01-13,99.46,101.159,98.99,100.98,8168081
MRK,2025-01-10,99.21,100.405,98.81,99.25,11328770
MRK,2025-01-08,100.7,100.77,98.05,99.85,8654722
MRK,2025-01-07,100.13,102.97,100.05,101.02,10890890
MRK,2025-01-06,98.77,100.33,98.42,99.72,10111144
MRK,2025-01-03,99.34,99.75,98.69,99.14,6072551
MRK,2025-01-02,100.28,100.35,98.83,99.17,6153261
MRK,2024-12-31,98.5,99.53,98.434,99.48,6598522
MRK,2024-12-30,99.57,99.57,98.27,98.37,6848715
MRK,2024-12-27,99.5,100.35,99.24,99.7,6173658
MRK,2024-12-26,99.09,99.94,98.92,99.87,4760750
MRK,2024-12-24,99.22,99.64,98.795,99.45,3713479
MRK,2024-12-23,99.09,99.59,98.2009,99.37,8460460
MRK,2024-12-20,98.83,99.68,97.9,98.05,29289741
MRK,2024-12-19,98.56,99.935,97.82,99.52,12110776
MRK,2024-12-18,100.19,101.5,98.27,98.34,11993415
MRK,2024-12-17,99.9,100.8,99.36,100.06,13975079
MRK,2024-12-16,101.253,102.28,100.05,100.06,11701064
MRK,2024-12-13,101.13,102.57,100.53,102.0,10118226
MRK,2024-12-12,101.69,103.0,100.12,101.25,9554399
MRK,2024-12-11,100.7,101.45,99.26,99.75,21612980
MRK,2024-12-10,103.77,103.77,100.74,101.0,11359439
MRK,2024-12-09,102.86,105.0681,102.33,103.79,19162467
MRK,2024-12-06,103.605,103.945,102.69,103.09,11470665
MRK,2024-12-05,101.49,104.14,101.35,103.55,11062662
MRK,2024-12-04,102.03,102.09,101.05,101.37,11314989
MRK,2024-12-03,100.75,102.45,100.62,101.85,11395586
MRK,2024-12-02,101.73,101.85,100.46,100.61,13703135
MRK,2024-11-29,102.88,103.04,101.53,101.64,6081177
MRK,2024-11-27,101.65,103.45,101.64,103.12,9802172
MRK,2024-11-26,101.48,101.8,99.7,101.62,9324084
MRK,2024-11-25,100.085,101.74,99.51,101.16,34659091
MRK,2024-11-22,100.33,101.785,98.93,99.18,14031186
MRK,2024-11-21,97.72,100.48,96.95,99.86,15670302
MRK,2024-11-20,96.98,98.84,96.66,97.44,12136771
MRK,2024-11-19,96.73,97.55,95.26,96.54,13093069
MRK,2024-11-18,96.56,97.29,95.42,96.56,14140329
MRK,2024-11-15,97.92,97.92,94.48,96.31,16464508
MRK,2024-11-14,99.18,99.4,97.95,98.36,8704483
MRK,2024-11-13,98.51,99.45,97.9,98.5,8869661
MRK,2024-11-12,100.76,100.77,98.5,98.58,12282887
MRK,2024-11-11,102.53,103.4,100.46,100.73,10075257
MRK,2024-11-08,101.48,103.23,101.0,102.92,9208036
MRK,2024-11-07,101.44,101.69,100.85,101.17,8676105
MRK,2024-11-06,103.18,103.23,100.6,100.73,9551335
MRK,2024-11-05,101.36,101.73,100.52,101.65,6741403
MRK,2024-11-04,102.0,102.53,100.945,101.87,9182560
MRK,2024-11-01,101.78,102.72,101.21,101.88,10180978
MRK,2024-10-31,100.93,103.23,98.6,102.32,17413051
MRK,2024-10-30,103.46,105.0,102.9,104.83,13897192
MRK,2024-10-29,104.315,105.11,103.7,103.73,9296241
MRK,2024-10-28,104.6,105.0,103.93,104.23,6968944
MRK,2024-10-25,106.49,106.49,103.86,103.98,9625498
MSFT,2025-03-21,383.67,391.74,382.85,391.26,39577615
MSFT,2025-03-20,385.735,391.785,383.28,386.84,18470542
MSFT,2025-03-19,385.525,389.68,384.0,387.82,19185532
MSFT,2025-03-18,387.07,387.37,381.1,383.52,19486850
MSFT,2025-03-17,386.7,392.705,385.57,388.7,22474272
MSFT,2025-03-14,379.775,390.23,379.51,388.56,19952846
MSFT,2025-03-13,383.155,385.32,377.45,378.77,20473017
MSFT,2025-03-12,382.95,385.2165,378.9507,383.27,24253567
MSFT,2025-03-11,379.0,386.0,376.91,380.45,30380177
MSFT,2025-03-10,385.84,386.4,377.22,380.16,32569768
MSFT,2025-03-07,392.32,394.8,385.54,393.31,22034087
MSFT,2025-03-06,394.28,402.15,392.6777,396.89,23304625
MSFT,2025-03-05,389.34,401.67,388.81,401.02,23433132
MSFT,2025-03-04,383.4,392.58,381.0,388.61,29342923
MSFT,2025-03-03,398.82,398.82,386.155,388.49,23007726
MSFT,2025-02-28,392.655,397.63,386.57,396.99,32845658
MSFT,2025-02-27,401.265,405.74,392.17,392.53,21127406
MSFT,2025-02-26,398.01,403.6,394.245,399.73,19618954
MSFT,2025-02-25,401.1,401.915,396.7,397.9,29387402
MSFT,2025-02-24,408.51,409.37,399.32,404.0,26443656
MSFT,2025-02-21,417.335,418.048,407.89,408.21,27524799
MSFT,2025-02-20,415.29,419.31,412.54,416.13,23508728
MSFT,2025-02-19,407.88,415.49,407.65,414.77,24114197
MSFT,2025-02-18,408.0,410.597,406.5,409.64,21423051
MSFT,2025-02-14,407.79,408.91,405.88,408.43,22758464
MSFT,2025-02-13,407.0,411.0,406.36,410.54,23891731
MSFT,2025-02-12,407.21,410.75,404.3673,409.04,19121734
MSFT,2025-02-11,409.64,412.49,409.3,411.44,18140592
MSFT,2025-02-10,413.71,415.4624,410.92,412.22,20817919
MSFT,2025-02-07,416.48,418.65,408.1,409.75,22886844
MSFT,2025-02-06,414.0,418.2,414.0,415.82,16309755
MSFT,2025-02-05,412.35,413.827,410.4,413.29,16336188
MSFT,2025-02-04,412.685,413.9199,409.74,412.37,20532096
MSFT,2025-02-03,411.6,415.41,408.66,410.92,25679149
MSFT,2025-01-31,418.98,420.69,414.91,415.06,34223388
MSFT,2025-01-30,418.77,422.86,413.16,414.99,54586260
MSFT,2025-01-29,446.69,446.88,440.4,442.33,23581370
MSFT,2025-01-28,434.6,448.38,431.38,447.2,23491703
MSFT,2025-01-27,424.01,435.2,423.5,434.56,35647805
MSFT,2025-01-24,445.16,446.65,441.4,444.06,15549453
MSFT,2025-01-23,442.0,446.75,441.5048,446.71,18389270
MSFT,2025-01-22,437.56,447.27,436.0,446.2,27803811
MSFT,2025-01-21,430.2,430.8999,425.595,428.5,26085703
MSFT,2025-01-17,434.085,434.48,428.17,429.03,26197507
MSFT,2025-01-16,428.695,429.49,424.39,424.58,15300023
MSFT,2025-01-15,419.13,428.15,418.265,426.31,19637838
MSFT,2025-01-14,417.81,419.74,410.72,415.67,16935856
MSFT,2025-01-13,415.235,418.5,412.29,417.19,17604780
MSFT,2025-01-10,424.63,424.71,415.02,418.95,20201132
MSFT,2025-01-08,423.46,426.97,421.54,424.56,15054575
MSFT,2025-01-07,429.0,430.65,420.8,422.37,18139065
MSFT,2025-01-06,428.0,434.32,425.4774,427.85,20573648
MSFT,2025-01-03,421.08,424.03,419.54,423.35,16662943
MSFT,2025-01-02,425.53,426.07,414.85,418.58,16896469
MSFT,2024-12-31,426.1,426.73,420.66,421.5,13246509
MSFT,2024-12-30,426.06,427.55,421.9,424.83,13158703
MSFT,2024-12-27,434.6,435.22,426.35,430.53,18117713
MSFT,2024-12-26,439.08,440.94,436.63,438.11,8199927
MSFT,2024-12-24,434.65,439.6,434.19,439.33,7164543
MSFT,2024-12-23,436.74,437.65,432.83,435.25,19152519
MSFT,2024-12-20,433.11,443.74,428.63,436.6,64263694
MSFT,2024-12-19,441.62,443.1834,436.32,437.03,22963681
MSFT,2024-12-18,451.32,452.65,437.02,437.39,24444545
MSFT,2024-12-17,451.01,455.29,449.57,454.46,22733494
MSFT,2024-12-16,447.27,452.18,445.28,451.59,23598834
MSFT,2024-12-13,448.435,451.43,445.58,447.27,20177833
MSFT,2024-12-12,449.11,456.1648,449.11,449.56,20834779
MSFT,2024-12-11,444.05,450.35,444.05,448.99,19200208
MSFT,2024-12-10,444.39,449.62,441.6,443.33,18469459
MSFT,2024-12-09,442.6,448.33,440.5,446.02,19144388
MSFT,2024-12-06,442.3,446.1,441.7703,443.57,18821002
MSFT,2024-12-05,437.92,444.66,436.171,442.62,21697775
MSFT,2024-12-04,433.03,439.67,432.63,437.42,26009429
MSFT,2024-12-03,429.84,432.47,427.74,431.2,18301987
MSFT,2024-12-02,421.57,433.0,421.31,430.98,20207223
MSFT,2024-11-29,420.09,424.88,417.8,423.46,16271921
MSFT,2024-11-27,425.105,427.2299,422.02,422.99,18332444
MSFT,2024-11-26,419.585,429.0414,418.85,427.99,23458889
MSFT,2024-11-25,418.38,421.08,414.85,418.79,27691090
MSFT,2024-11-22,411.365,417.4,411.06,417.0,24814626
MSFT,2024-11-21,419.5,419.78,410.2887,412.87,20780162
MSFT,2024-11-20,416.87,417.29,410.58,415.49,19191655
MSFT,2024-11-19,413.11,417.94,411.55,417.79,18133529
MSFT,2024-11-18,414.87,418.4037,412.1,415.76,24742013
MSFT,2024-11-15,419.82,422.8,413.64,415.0,28247644
MSFT,2024-11-14,425.0,428.17,420.0,426.89,30246881
MSFT,2024-11-13,421.64,429.325,418.21,425.2,21502185
MSFT,2024-11-12,418.25,424.44,417.2,423.03,19401204
MSFT,2024-11-11,422.515,424.81,416.0,418.01,24503321
MSFT,2024-11-08,425.32,426.5,421.78,422.54,16891414
MSFT,2024-11-07,421.28,426.85,419.88,425.43,19901782
MSFT,2024-11-06,412.42,420.45,410.52,420.18,26681842
MSFT,2024-11-05,408.37,414.9,408.08,411.46,17626011
MSFT,2024-11-04,409.8,410.415,405.5713,408.46,19672286
MSFT,2024-11-01,409.01,415.5,407.5,410.37,24230442
MSFT,2024-10-31,415.36,416.16,406.3,406.35,53970981
MSFT,2024-10-30,437.435,438.5,432.1,432.53,29749149
MSFT,2024-10-29,428.0,433.17,425.8001,431.95,17644080
MSFT,2024-10-28,431.655,431.94,426.3,426.59,14882444
MSFT,2024-10-25,426.76,432.52,426.565,428.15,16899064
NKE,2025-03-21,66.86,68.73,65.1701,67.94,77219310
NKE,2025-03-20,72.92,73.65,71.52,71.86,25202340
NKE,2025-03-19,72.64,73.43,72.29,72.99,10830529
NKE,2025-03-18,73.89,74.16,72.72,73.31,8972330
NKE,2025-03-17,72.14,73.95,72.03,73.7,15996906
NKE,2025-03-14,73.28,73.54,71.315,71.66,12182970
NKE,2025-03-13,73.18,73.94,71.67,72.64,10195919
NKE,2025-03-12,74.36,74.5,73.23,73.58,12304889
NKE,2025-03-11,75.91,76.08,73.62,74.17,12836967
NKE,2025-03-10,77.51,80.19,76.06,76.4,15739433
NKE,2025-03-07,77.48,79.0,76.9701,78.59,9294295
NKE,2025-03-06,76.74,78.335,76.74,77.71,9623722
NKE,2025-03-05,77.33,78.305,76.455,77.81,9853600
NKE,2025-03-04,77.7,78.6479,76.775,77.32,10034126
NKE,2025-03-03,79.99,80.9589,77.8904,78.41,8628754
NKE,2025-02-28,79.25,80.02,78.181,79.43,14113830
NKE,2025-02-27,81.49,81.49,79.46,80.02,11651915
NKE,2025-02-26,82.1,82.44,80.84,81.17,16058139
NKE,2025-02-25,80.31,81.955,80.05,81.72,15522509
NKE,2025-02-24,78.88,81.09,78.75,80.28,24553494
NKE,2025-02-21,77.4,77.99,75.86,76.5,12823389
NKE,2025-02-20,76.91,77.27,76.34,77.23,10689581
NKE,2025-02-19,76.82,77.68,76.09,76.78,14184097
NKE,2025-02-18,74.5,77.68,74.5,77.59,28252376
NKE,2025-02-14,73.17,73.5,72.34,73.04,9254379
NKE,2025-02-13,72.45,73.6,71.63,73.21,9739567
NKE,2025-02-12,70.6,72.45,70.33,72.26,10810858
NKE,2025-02-11,70.57,71.99,70.51,71.34,9636623
NKE,2025-02-10,69.36,70.95,69.12,70.94,16201329
NKE,2025-02-07,70.555,70.81,68.62,68.68,27428698
NKE,2025-02-06,75.24,75.4,71.63,71.74,16059367
NKE,2025-02-05,76.3,76.7888,74.4,74.57,9807401
NKE,2025-02-04,77.55,78.16,76.04,76.72,11943725
NKE,2025-02-03,74.9,76.69,73.22,76.59,18539220
NKE,2025-01-31,78.11,78.8644,76.76,76.9,13105920
NKE,2025-01-30,76.85,78.77,76.85,78.33,10902071
NKE,2025-01-29,74.45,77.115,74.32,76.58,11764839
NKE,2025-01-28,75.325,75.6,74.16,74.39,8694418
NKE,2025-01-27,73.44,75.85,73.42,75.58,11665384
NKE,2025-01-24,74.07,74.25,73.25,73.57,8106651
NKE,2025-01-23,73.34,74.5,72.37,74.29,10677448
NKE,2025-01-22,73.375,74.7,73.01,74.04,13029273
NKE,2025-01-21,71.3,73.27,71.14,73.17,14199943
NKE,2025-01-17,71.43,71.52,70.84,70.84,9711265
NKE,2025-01-16,70.9,71.23,70.315,71.11,13694629
NKE,2025-01-15,71.99,72.25,70.84,71.07,13468081
NKE,2025-01-14,72.07,72.2101,70.53,71.17,16732893
NKE,2025-01-13,71.17,72.6,70.78,72.08,14584312
NKE,2025-01-10,71.85,72.39,71.09,71.2,15677383
NKE,2025-01-08,71.56,71.82,71.01,71.29,11854967
NKE,2025-01-07,72.4,73.44,71.98,72.09,10463514
NKE,2025-01-06,73.75,74.32,71.97,72.0,14947258
NKE,2025-01-03,73.92,74.19,73.01,73.31,10083479
NKE,2025-01-02,76.25,76.69,73.24,73.67,10883418
NKE,2024-12-31,74.9,76.385,74.78,75.67,9425602
NKE,2024-12-30,75.6,75.77,74.55,74.65,9042879
NKE,2024-12-27,76.52,76.93,75.8,76.42,6334415
NKE,2024-12-26,76.6,77.46,76.54,76.94,6367057
NKE,2024-12-24,76.75,77.1099,76.36,76.79,4919075
NKE,2024-12-23,76.325,78.4057,75.74,76.76,14203772
NKE,2024-12-20,75.96,78.0,74.8587,76.94,49883417
NKE,2024-12-19,76.94,77.94,76.43,77.1,27067579
NKE,2024-12-18,77.98,79.0,76.84,76.9,14376890
NKE,2024-12-17,77.36,78.77,77.25,78.0,12452416
NKE,2024-12-16,76.76,79.02,76.66,77.2,13034009
NKE,2024-12-13,77.35,77.83,76.765,77.25,8037339
NKE,2024-12-12,78.71,79.37,77.855,77.96,6983241
NKE,2024-12-11,76.79,78.98,76.31,78.85,12033172
NKE,2024-12-10,77.5,78.0795,76.62,76.74,12193110
NKE,2024-12-09,79.44,79.45,77.52,77.64,12043377
NKE,2024-12-06,79.22,81.18,78.84,78.89,13931061
NKE,2024-12-05,78.26,78.9,78.1,78.58,8316548
NKE,2024-12-04,77.82,78.51,77.1,78.37,15042588
NKE,2024-12-03,79.0,79.4,77.6101,78.86,9414505
NKE,2024-12-02,77.915,79.1,77.2,79.09,11221029
NKE,2024-11-29,78.2,79.18,78.03,78.77,7123471
NKE,2024-11-27,77.61,79.045,77.59,78.34,8713504
NKE,2024-11-26,78.9,78.9,77.573,77.61,9495649
NKE,2024-11-25,78.5,79.8599,78.41,79.26,18328919
NKE,2024-11-22,76.125,77.5,75.83,77.4,12248575
NKE,2024-11-21,73.36,75.56,73.2,75.1,12818637
NKE,2024-11-20,73.66,73.84,72.71,73.36,12290317
NKE,2024-11-19,74.5,74.73,73.6,73.91,12028443
NKE,2024-11-18,76.16,76.2,74.25,74.89,12609186
NKE,2024-11-15,76.0,77.65,75.61,76.66,13584939
NKE,2024-11-14,76.68,76.98,75.67,75.68,6991574
NKE,2024-11-13,76.91,77.29,76.47,76.52,6835348
NKE,2024-11-12,76.46,77.43,76.14,76.66,9013905
NKE,2024-11-11,76.15,77.4,76.1,76.6,9877188
NKE,2024-11-08,75.5,76.555,75.25,75.88,8140788
NKE,2024-11-07,75.7,76.37,75.21,75.92,11831058
NKE,2024-11-06,76.87,76.95,75.12,75.32,16193704
NKE,2024-11-05,77.25,78.0,77.0,77.98,5629199
NKE,2024-11-04,77.99,78.55,77.115,77.19,6593781
NKE,2024-11-01,77.05,78.13,76.96,78.06,9623692
NKE,2024-10-31,76.2,77.34,75.2,77.13,13990086
NKE,2024-10-30,78.0,78.11,76.42,76.45,15691330
NKE,2024-10-29,78.88,79.47,78.2,78.4,7241111
NKE,2024-10-28,79.32,79.64,78.82,78.91,6617243
NKE,2024-10-25,79.22,79.58,78.5201,78.85,9385379
NVDA,2025-03-21,117.04,117.99,115.42,117.7,265963919
NVDA,2025-03-20,116.55,120.2,116.47,118.53,248829749
NVDA,2025-03-19,117.27,120.445,115.68,117.52,273426225
NVDA,2025-03-18,118.0,119.02,114.54,115.43,299686944
NVDA,2025-03-17,122.74,122.89,118.03,119.53,255501481
NVDA,2025-03-14,118.61,121.88,118.15,121.67,277593455
NVDA,2025-03-13,117.03,117.76,113.79,115.58,299033131
NVDA,2025-03-12,114.12,116.76,112.88,115.74,323857454
NVDA,2025-03-11,106.99,112.236,104.77,108.76,354865692
NVDA,2025-03-10,109.9,111.85,105.46,106.98,361107562
NVDA,2025-03-07,111.25,113.48,107.56,112.69,341755468
NVDA,2025-03-06,113.53,115.35,110.22,110.57,321181861
NVDA,2025-03-05,117.58,118.2781,114.51,117.3,284337886
NVDA,2025-03-04,110.645,119.31,110.11,115.99,398163305
NVDA,2025-03-03,123.51,123.7,112.28,114.06,411381373
NVDA,2025-02-28,118.02,125.09,116.4,124.92,389091145
NVDA,2025-02-27,135.0,135.01,120.01,120.15,443175846
NVDA,2025-02-26,129.985,133.73,128.49,131.28,322553814
NVDA,2025-02-25,129.98,130.2,124.44,126.63,271428711
NVDA,2025-02-24,136.56,138.59,130.08,130.28,251381137
NVDA,2025-02-21,140.04,141.46,134.03,134.43,228217585
NVDA,2025-02-20,140.03,140.66,136.7901,140.11,143903583
NVDA,2025-02-19,139.51,141.36,137.22,139.23,167536006
NVDA,2025-02-18,141.27,143.44,137.925,139.4,219176627
NVDA,2025-02-14,136.48,139.25,135.5,138.85,195479557
NVDA,2025-02-13,131.555,136.5,131.17,135.29,197429975
NVDA,2025-02-12,130.02,132.24,129.08,131.14,160278552
NVDA,2025-02-11,132.58,134.48,131.02,132.8,178902379
NVDA,2025-02-10,130.09,135.0,129.96,133.57,216989086
NVDA,2025-02-07,129.22,130.37,125.0,129.84,228186298
NVDA,2025-02-06,127.42,128.77,125.21,128.68,251483574
NVDA,2025-02-05,121.76,125.0,120.76,124.83,263110629
NVDA,2025-02-04,116.96,121.2,116.7,118.65,256550040
NVDA,2025-02-03,114.75,118.57,113.01,116.66,371235677
NVDA,2025-01-31,123.78,127.85,119.19,120.07,390372899
NVDA,2025-01-30,123.1,125.0,118.1,124.65,392925469
NVDA,2025-01-29,126.5,126.89,120.05,123.7,467120640
NVDA,2025-01-28,121.81,129.0,116.25,128.99,579666350
NVDA,2025-01-27,124.8,128.4,116.7,118.42,818830895
NVDA,2025-01-24,148.37,148.97,141.88,142.62,234657635
NVDA,2025-01-23,145.05,147.23,143.72,147.22,155915549
NVDA,2025-01-22,144.66,147.79,143.67,147.07,237651395
NVDA,2025-01-21,139.16,141.83,137.09,140.83,197748985
NVDA,2025-01-17,136.69,138.5,135.4649,137.71,201188760
NVDA,2025-01-16,138.64,138.75,133.49,133.57,209235583
NVDA,2025-01-15,133.65,136.45,131.29,136.24,185217338
NVDA,2025-01-14,136.05,136.38,130.05,131.76,195590485
NVDA,2025-01-13,129.99,133.49,129.51,133.23,204808914
NVDA,2025-01-10,137.45,139.92,134.22,135.91,207602514
NVDA,2025-01-08,142.58,143.95,137.56,140.11,227349948
NVDA,2025-01-07,153.03,153.13,140.01,140.14,351782174
NVDA,2025-01-06,148.59,152.156,147.8201,149.43,265377359
NVDA,2025-01-03,140.01,144.9,139.73,144.47,229322478
NVDA,2025-01-02,136.0,138.88,134.63,138.31,198247166
NVDA,2024-12-31,138.03,138.07,133.83,134.29,155659211
NVDA,2024-12-30,134.83,140.27,134.02,137.49,167734700
NVDA,2024-12-27,138.55,139.02,134.71,137.01,170582603
NVDA,2024-12-26,139.7,140.85,137.73,139.93,116519090
NVDA,2024-12-24,140.0,141.9,138.65,140.22,105156989
NVDA,2024-12-23,136.28,139.79,135.1201,139.67,176053506
NVDA,2024-12-20,129.81,135.28,128.22,134.7,306528553
NVDA,2024-12-19,131.76,134.03,129.55,130.68,209719210
NVDA,2024-12-18,133.86,136.7,128.28,128.91,277444533
NVDA,2024-12-17,129.09,131.59,126.86,130.39,259410263
NVDA,2024-12-16,134.18,134.4,130.42,132.0,237951130
NVDA,2024-12-13,138.94,139.6,132.54,134.25,231514881
NVDA,2024-12-12,137.08,138.44,135.8,137.34,159211393
NVDA,2024-12-11,137.36,140.17,135.21,139.31,184905192
NVDA,2024-12-10,139.01,141.82,133.79,135.07,210020888
NVDA,2024-12-09,138.97,139.95,137.13,138.81,189308625
NVDA,2024-12-06,144.6,145.7,141.31,142.44,188505573
NVDA,2024-12-05,145.11,146.54,143.95,145.06,172621180
NVDA,2024-12-04,141.995,145.79,140.29,145.14,231224295
NVDA,2024-12-03,138.26,140.54,137.95,140.26,164413965
NVDA,2024-12-02,138.83,140.45,137.825,138.63,171682777
NVDA,2024-11-29,136.78,139.35,136.05,138.25,141863156
NVDA,2024-11-27,135.01,137.22,131.8,135.34,226370912
NVDA,2024-11-26,137.7,139.3,135.67,136.92,190287654
NVDA,2024-11-25,141.99,142.05,135.82,136.02,344941875
NVDA,2024-11-22,145.93,147.16,141.1,141.95,236406154
NVDA,2024-11-21,149.35,152.89,140.7,146.67,400946570
NVDA,2024-11-20,147.41,147.56,142.73,145.89,309871654
NVDA,2024-11-19,141.32,147.13,140.99,147.01,227834912
NVDA,2024-11-18,139.5,141.55,137.15,140.15,221865993
NVDA,2024-11-15,144.87,145.24,140.08,141.98,250132869
NVDA,2024-11-14,147.64,149.0,145.55,146.76,194463301
NVDA,2024-11-13,149.07,149.33,145.9,146.27,191903267
NVDA,2024-11-12,146.78,149.65,146.01,148.29,198634738
NVDA,2024-11-11,148.68,148.85,143.57,145.26,182325620
NVDA,2024-11-08,148.77,149.77,146.26,147.63,175665830
NVDA,2024-11-07,146.39,148.93,146.17,148.88,207323303
NVDA,2024-11-06,142.96,146.49,141.96,145.61,242043945
NVDA,2024-11-05,137.45,140.3701,137.33,139.91,160537373
NVDA,2024-11-04,137.21,138.96,135.57,136.05,187528173
NVDA,2024-11-01,134.7,137.31,134.57,135.4,207127838
NVDA,2024-10-31,137.6,137.61,132.1106,132.76,270039641
NVDA,2024-10-30,139.54,140.33,136.81,139.335,179418082
NVDA,2024-10-29,140.285,142.2598,138.9,141.25,157593634
NVDA,2024-10-28,143.0,143.14,140.05,140.52,173586745
NVDA,2024-10-25,140.93,144.13,140.8,141.54,205122109
PG,2025-03-21,167.59,168.14,166.105,166.68,16010314
PG,2025-03-20,168.89,169.205,166.03,167.55,8789167
PG,2025-03-19,167.87,168.745,167.11,168.57,7569165
PG,2025-03-18,170.07,170.26,167.58,167.71,6100242
PG,2025-03-17,168.37,171.09,168.13,169.76,9931678
PG,2025-03-14,167.79,168.59,166.62,167.97,6790624
PG,2025-03-13,167.7,169.29,167.2779,168.59,6609126
PG,2025-03-12,169.7,171.83,167.77,168.37,10159136
PG,2025-03-11,175.825,175.99,172.32,173.12,11032285
PG,2025-03-10,176.76,179.99,175.83,176.26,11017004
PG,2025-03-07,174.09,178.89,174.05,175.95,9566763
PG,2025-03-06,174.89,175.84,172.8439,174.66,6702490
PG,2025-03-05,173.38,175.87,173.02,174.61,6989086
PG,2025-03-04,176.75,179.99,172.91,173.18,12118023
PG,2025-03-03,173.58,176.29,173.51,175.59,7615570
PG,2025-02-28,173.58,174.65,171.85,173.84,10240069
PG,2025-02-27,170.85,173.09,170.63,171.97,5466965
PG,2025-02-26,172.28,172.65,170.65,171.3,5519041
PG,2025-02-25,171.28,173.95,170.8,172.65,7314856
PG,2025-02-24,170.22,172.98,169.79,170.54,8564057
PG,2025-02-21,167.44,170.5491,165.92,170.23,9813720
PG,2025-02-20,163.15,167.78,162.8,167.21,6162601
PG,2025-02-19,166.1,166.87,165.24,166.49,7910823
PG,2025-02-18,163.35,165.76,162.2,165.43,7075681
PG,2025-02-14,169.79,170.0,162.3,162.89,13179478
PG,2025-02-13,169.63,171.38,169.14,171.02,6328365
PG,2025-02-12,168.35,170.08,167.97,169.58,6037671
PG,2025-02-11,167.69,169.57,166.5,169.43,5438081
PG,2025-02-10,167.69,168.48,166.4,167.53,7063167
PG,2025-02-07,169.09,169.12,167.87,167.97,4535617
PG,2025-02-06,169.37,169.93,168.03,168.88,4957889
PG,2025-02-05,168.09,169.14,166.61,169.01,7537232
PG,2025-02-04,169.29,169.29,166.28,168.13,6410938
PG,2025-02-03,165.47,169.38,165.23,168.76,8668729
PG,2025-01-31,166.0,166.62,165.21,165.99,5464903
PG,2025-01-30,167.48,167.6,165.93,167.41,4136546
PG,2025-01-29,166.72,167.29,165.8805,166.23,4850295
PG,2025-01-28,168.91,169.59,166.11,166.19,6716387
PG,2025-01-27,166.72,169.94,166.11,169.66,9170829
PG,2025-01-24,165.91,165.91,163.2,164.12,6199939
PG,2025-01-23,163.88,166.48,163.32,166.15,7614308
PG,2025-01-22,167.1,168.14,164.44,164.74,14356691
PG,2025-01-21,160.96,162.35,160.96,161.72,13914694
PG,2025-01-17,159.74,161.75,159.6,161.13,7262739
PG,2025-01-16,159.62,160.58,159.135,160.5,5774429
PG,2025-01-15,160.59,161.15,159.335,159.65,8059231
PG,2025-01-14,158.85,160.07,158.31,159.74,5982254
PG,2025-01-13,159.35,160.09,158.41,158.84,6772198
PG,2025-01-10,160.15,161.21,157.47,158.56,8501525
PG,2025-01-08,160.99,162.4,160.565,162.1,4974783
PG,2025-01-07,161.46,162.61,160.74,161.3,8447744
PG,2025-01-06,162.81,163.5,160.44,160.6,8731671
PG,2025-01-03,166.25,166.5,164.25,165.13,5256807
PG,2025-01-02,168.085,168.7052,165.91,165.98,5401712
PG,2024-12-31,167.36,168.08,166.59,167.65,3957920
PG,2024-12-30,168.665,168.98,166.71,167.09,4354543
PG,2024-12-27,169.42,170.76,169.26,169.53,4367879
PG,2024-12-26,168.31,170.3,168.07,170.16,3629533
PG,2024-12-24,167.62,169.18,167.42,168.94,2460756
PG,2024-12-23,168.06,168.68,166.36,168.11,6984079
PG,2024-12-20,168.87,169.865,167.5,168.06,21999342
PG,2024-12-19,169.01,170.1,167.35,169.19,8585220
PG,2024-12-18,169.76,170.56,169.02,169.08,7517081
PG,2024-12-17,170.67,171.954,170.02,170.33,6069344
PG,2024-12-16,171.445,172.78,171.0975,171.14,5943680
PG,2024-12-13,170.77,171.7875,170.12,171.06,3884513
PG,2024-12-12,171.43,171.8177,170.02,170.85,4072810
PG,2024-12-11,173.01,173.39,170.395,170.63,5237533
PG,2024-12-10,170.42,172.93,169.93,172.28,6220088
PG,2024-12-09,173.635,173.76,170.43,170.79,7164286
PG,2024-12-06,175.37,176.74,173.75,173.82,5741167
PG,2024-12-05,174.86,176.459,174.45,176.03,5022189
PG,2024-12-04,174.17,175.15,173.46,175.11,6823659
PG,2024-12-03,178.77,179.62,175.2,175.42,8127329
PG,2024-12-02,179.12,180.16,178.01,179.7,5728297
PG,2024-11-29,178.7,179.63,178.28,179.26,3823708
PG,2024-11-27,180.0,180.43,178.725,179.36,5522912
PG,2024-11-26,177.2,179.46,177.2,179.31,6276933
PG,2024-11-25,177.48,178.82,176.904,177.39,19357005
PG,2024-11-22,174.145,177.4,173.88,176.28,10609785
PG,2024-11-21,171.66,173.51,170.22,172.75,6240403
PG,2024-11-20,170.01,171.07,169.5055,170.89,7081237
PG,2024-11-19,170.69,171.17,169.66,170.76,5683673
PG,2024-11-18,169.11,171.45,168.8301,170.75,6681087
PG,2024-11-15,167.94,170.57,166.88,169.54,9939416
PG,2024-11-14,166.71,168.04,166.51,167.08,7444273
PG,2024-11-13,166.06,166.795,165.68,166.58,5412566
PG,2024-11-12,166.14,167.06,165.57,165.84,6507823
PG,2024-11-11,167.0,168.52,165.775,166.03,6364403
PG,2024-11-08,164.015,167.75,163.93,167.71,7506566
PG,2024-11-07,161.96,163.9534,161.475,163.41,9056725
PG,2024-11-06,165.61,166.04,159.81,161.05,11473688
PG,2024-11-05,164.33,166.32,164.33,165.76,4397441
PG,2024-11-04,165.72,166.27,164.58,165.08,5130338
PG,2024-11-01,165.31,166.35,164.985,165.1,5455095
PG,2024-10-31,165.76,167.04,165.09,165.18,6056514
PG,2024-10-30,167.09,167.32,165.96,166.16,5518085
PG,2024-10-29,168.86,168.86,166.83,167.17,5681358
PG,2024-10-28,169.28,169.66,168.375,169.3,5754043
PG,2024-10-25,168.92,169.4,168.041,168.22,4877911
CRM,2025-03-21,276.44,281.85,274.05,280.965,9799178
CRM,2025-03-20,277.06,282.88,277.06,279.03,5504720
CRM,2025-03-19,277.5,282.22,277.29,279.39,5245412
CRM,2025-03-18,280.02,280.5,275.94,278.73,5882123
CRM,2025-03-17,277.37,282.73,276.0785,280.75,4484727
CRM,2025-03-14,275.0,279.89,272.68,279.4,6976916
CRM,2025-03-13,282.05,282.555,269.75,271.74,9494522
CRM,2025-03-12,281.85,285.9268,279.09,284.58,7463894
CRM,2025-03-11,273.72,280.45,272.0,277.05,8313375
CRM,2025-03-10,276.97,278.35,270.72,272.9,9928915
CRM,2025-03-07,283.18,288.309,275.17,282.89,8248082
CRM,2025-03-06,288.23,298.08,284.8327,286.05,10396805
CRM,2025-03-05,287.22,292.6835,285.621,291.97,6612561
CRM,2025-03-04,290.0,291.65,282.235,287.34,9096260
CRM,2025-03-03,301.0,303.07,291.06,293.06,6298208
CRM,2025-02-28,295.955,301.9799,292.1536,297.85,10863109
CRM,2025-02-27,296.34,304.92,292.67,294.9,16691436
CRM,2025-02-26,312.66,313.7,306.45,307.33,12638452
CRM,2025-02-25,306.25,308.42,300.62,305.88,7360070
CRM,2025-02-24,311.51,312.73,303.525,308.32,6652863
CRM,2025-02-21,318.97,318.97,306.86,309.8,7353214
CRM,2025-02-20,322.24,324.45,318.21,318.43,6393050
CRM,2025-02-19,329.74,329.74,322.87,324.53,5012019
CRM,2025-02-18,328.59,329.16,323.0,328.96,5262109
CRM,2025-02-14,328.03,328.5,322.62,326.54,5879716
CRM,2025-02-13,326.2,330.3473,323.22,329.85,4312066
CRM,2025-02-12,319.55,327.0,316.97,326.12,5643373
CRM,2025-02-11,324.02,326.44,321.26,324.4,5455939
CRM,2025-02-10,327.92,331.75,326.65,327.2,5981915
CRM,2025-02-07,332.0,333.82,323.72,325.83,7626090
CRM,2025-02-06,337.475,337.475,329.1,330.81,13240635
CRM,2025-02-05,345.72,348.04,338.8725,347.93,4521009
CRM,2025-02-04,345.62,346.93,338.6722,344.14,4965602
CRM,2025-02-03,335.97,341.46,331.2601,339.24,4549415
CRM,2025-01-31,348.0,349.5,340.1,341.7,5781541
CRM,2025-01-30,340.9,348.0,340.0,343.57,7591129
CRM,2025-01-29,358.76,360.18,351.5,354.0,6266724
CRM,2025-01-28,354.77,367.09,350.455,359.95,12099293
CRM,2025-01-27,332.36,353.15,330.5,347.1,15661109
CRM,2025-01-24,336.3,338.65,331.785,333.88,3299074
CRM,2025-01-23,332.33,335.46,329.6,334.66,4355877
CRM,2025-01-22,331.25,335.2288,327.28,332.62,7259285
CRM,2025-01-21,329.4,329.52,322.45,326.84,6397166
CRM,2025-01-17,328.72,329.5699,323.07,324.56,6303558
CRM,2025-01-16,322.94,327.72,319.55,320.0,5051487
CRM,2025-01-15,329.88,331.53,320.78,321.16,6042674
CRM,2025-01-14,325.0,329.935,321.5,323.54,5935221
CRM,2025-01-13,314.6,320.55,313.8,319.07,4583023
CRM,2025-01-10,322.765,322.765,316.02,317.85,6539973
CRM,2025-01-08,327.74,328.8,323.11,326.9,3788206
CRM,2025-01-07,330.5,331.5,322.91,324.93,4643133
CRM,2025-01-06,334.02,336.6,327.28,330.53,5785333
CRM,2025-01-03,332.1,333.44,329.27,332.9,4102503
CRM,2025-01-02,336.31,338.92,327.81,330.66,4807138
CRM,2024-12-31,336.27,337.15,332.41,334.33,3026017
CRM,2024-12-30,333.47,338.1078,331.61,335.74,3411528
CRM,2024-12-27,340.35,342.27,335.27,338.45,3220402
CRM,2024-12-26,344.88,344.88,341.0312,341.72,3484545
CRM,2024-12-24,343.0,344.95,340.83,344.43,1810961
CRM,2024-12-23,342.25,343.8457,336.68,342.9,5330267
CRM,2024-12-20,332.74,346.45,331.1395,343.65,14932307
CRM,2024-12-19,341.695,343.53,335.43,336.23,7423351
CRM,2024-12-18,354.5,354.77,335.24,337.23,8400030
CRM,2024-12-17,356.9,357.23,349.11,350.97,6910983
CRM,2024-12-16,350.78,358.07,350.56,357.23,5482323
CRM,2024-12-13,364.0,364.8,352.5,354.31,5538020
CRM,2024-12-12,355.0,360.0,352.92,358.03,5422002
CRM,2024-12-11,353.49,360.2,351.88,354.85,7546604
CRM,2024-12-10,351.35,355.49,347.43,348.82,6032962
CRM,2024-12-09,361.7,361.7,350.79,351.57,6475001
CRM,2024-12-06,364.99,367.15,361.0908,361.99,5738864
CRM,2024-12-05,360.78,365.45,356.67,361.38,10942124
CRM,2024-12-04,366.81,369.0,356.65,367.87,24733140
CRM,2024-12-03,327.4,332.7999,323.65,331.43,12632360
CRM,2024-12-02,332.0,334.5,330.11,331.01,6063387
CRM,2024-11-29,329.34,331.99,327.25,329.99,3517586
CRM,2024-11-27,336.46,337.38,328.88,330.01,7471475
CRM,2024-11-26,341.98,343.81,339.14,343.18,4492772
CRM,2024-11-25,345.0,347.85,338.29,339.11,7117192
CRM,2024-11-22,338.95,342.81,335.78,342.02,5649365
CRM,2024-11-21,331.35,342.9396,328.6,335.78,8364165
CRM,2024-11-20,325.29,327.26,322.01,325.7,3763500
CRM,2024-11-19,319.0,324.7,316.0001,323.43,5469892
CRM,2024-11-18,327.0,327.0,320.205,322.25,4251074
CRM,2024-11-15,326.93,330.26,324.18,325.26,7093003
CRM,2024-11-14,342.44,346.0,330.82,331.65,7630619
CRM,2024-11-13,345.5,348.1906,338.77,341.72,6902936
CRM,2024-11-12,339.29,348.86,338.51,341.15,7659675
CRM,2024-11-11,325.25,344.88,325.25,341.73,13954199
CRM,2024-11-08,310.03,322.81,309.437,321.95,8484970
CRM,2024-11-07,307.5,312.19,306.0001,310.78,5722636
CRM,2024-11-06,305.0,308.56,303.07,306.9,5874885
CRM,2024-11-05,297.44,298.81,294.74,297.49,4456064
CRM,2024-11-04,297.99,300.18,292.92,298.01,5108329
CRM,2024-11-01,290.23,296.99,290.0,294.72,3527502
CRM,2024-10-31,292.6,296.09,289.55,291.37,4301838
CRM,2024-10-30,297.07,299.54,296.35,296.4,2826545
CRM,2024-10-29,294.0,300.595,292.81,298.89,4280743
CRM,2024-10-28,293.6,296.07,292.49,293.77,3867816
CRM,2024-10-25,290.0,294.38,288.83,290.46,3351560
TRV,2025-03-21,259.18,260.61,256.39,256.7,3669223
TRV,2025-03-20,260.63,263.245,259.11,259.54,1418142
TRV,2025-03-19,260.05,262.855,259.22,261.32,1624304
TRV,2025-03-18,264.36,266.735,260.09,260.5,2232768
TRV,2025-03-17,260.8,266.09,260.44,265.13,1757398
TRV,2025-03-14,256.55,261.97,254.7,260.91,1302680
TRV,2025-03-13,252.04,257.31,251.54,255.94,1416638
TRV,2025-03-12,254.48,255.1,248.09,251.99,1671064
TRV,2025-03-11,255.68,257.04,251.31,254.56,1502022
TRV,2025-03-10,255.57,262.91,254.56,256.61,1344732
TRV,2025-03-07,257.1,259.2899,254.81,257.7,966853
TRV,2025-03-06,256.75,257.975,253.2609,256.02,932296
TRV,2025-03-05,255.87,259.045,255.29,258.03,1095285
TRV,2025-03-04,261.91,262.33,255.4,255.7,1151690
TRV,2025-03-03,258.75,263.085,258.75,260.84,1751365
TRV,2025-02-28,256.575,258.79,254.505,258.49,1811638
TRV,2025-02-27,249.9,255.4531,249.9,254.79,1086705
TRV,2025-02-26,251.21,252.57,247.735,248.85,1078203
TRV,2025-02-25,250.36,255.1475,248.92,252.51,1630108
TRV,2025-02-24,241.36,249.665,241.01,248.24,1315587
TRV,2025-02-21,242.43,242.76,238.69,240.03,1250701
TRV,2025-02-20,241.66,241.66,237.8,241.24,971794
TRV,2025-02-19,241.34,242.88,239.22,242.35,1331078
TRV,2025-02-18,238.95,240.59,237.44,238.4,1121747
TRV,2025-02-14,242.02,242.44,236.96,238.3,1348206
TRV,2025-02-13,241.05,243.329,239.67,243.01,911374
TRV,2025-02-12,239.5,242.06,238.37,240.66,1334097
TRV,2025-02-11,242.66,243.6,239.385,242.35,1165029
TRV,2025-02-10,245.0,245.19,241.965,242.42,954091
TRV,2025-02-07,247.35,248.47,244.04,245.19,906593
TRV,2025-02-06,249.04,249.269,245.5,247.64,811049
TRV,2025-02-05,245.6,246.89,243.56,246.34,950407
TRV,2025-02-04,244.69,246.76,243.14,244.06,1209676
TRV,2025-02-03,242.62,245.28,238.22,244.6,1483222
TRV,2025-01-31,248.33,250.02,245.0,245.18,1463568
TRV,2025-01-30,252.1,252.1,247.22,249.09,836458
TRV,2025-01-29,247.61,251.79,247.0,249.52,1611376
TRV,2025-01-28,251.73,252.1525,247.89,248.43,1217575
TRV,2025-01-27,244.19,251.24,243.47,251.01,1721907
TRV,2025-01-24,244.09,244.14,240.645,241.86,1282090
TRV,2025-01-23,243.75,244.705,240.36,241.51,1478518
TRV,2025-01-22,250.5,254.42,246.0,246.72,2564629
TRV,2025-01-21,241.4,241.88,238.35,239.16,2639085
TRV,2025-01-17,242.21,244.1003,239.52,239.52,1346194
TRV,2025-01-16,239.89,242.7,239.88,242.37,970714
TRV,2025-01-15,240.13,242.175,239.63,239.98,1481121
TRV,2025-01-14,232.5,237.23,231.04,236.93,1550811
TRV,2025-01-13,230.95,234.57,230.2301,233.33,1751156
TRV,2025-01-10,238.0,240.055,231.0,232.43,1818588
TRV,2025-01-08,243.51,244.0,238.94,242.77,1373331
TRV,2025-01-07,241.25,243.47,240.03,241.68,1460751
TRV,2025-01-06,241.82,246.08,240.81,241.88,1442741
TRV,2025-01-03,242.42,243.08,240.115,242.29,819690
TRV,2025-01-02,242.23,242.71,240.01,240.89,942498
TRV,2024-12-31,240.42,241.75,238.82,240.89,795120
TRV,2024-12-30,239.88,241.17,237.61,239.87,734369
TRV,2024-12-27,241.12,244.235,240.57,241.41,631737
TRV,2024-12-26,241.99,243.935,240.7601,243.73,434123
TRV,2024-12-24,241.82,243.095,240.38,242.88,329168
TRV,2024-12-23,238.69,241.77,237.98,241.36,1408387
TRV,2024-12-20,234.53,242.55,234.17,240.76,2339469
TRV,2024-12-19,237.53,239.8,236.26,237.71,1546872
TRV,2024-12-18,242.57,244.97,235.445,236.03,1573429
TRV,2024-12-17,244.44,245.12,241.98,243.64,1284609
TRV,2024-12-16,247.5,248.86,245.98,246.27,1454266
TRV,2024-12-13,246.53,248.22,245.56,246.3,1305614
TRV,2024-12-12,245.85,247.15,243.21,243.88,1968807
TRV,2024-12-11,245.02,246.57,241.8,245.14,2035679
TRV,2024-12-10,251.92,252.99,246.22,247.65,2138318
TRV,2024-12-09,261.35,261.63,251.47,251.92,1711325
TRV,2024-12-06,262.88,263.67,258.68,261.15,1086486
TRV,2024-12-05,262.98,265.6,261.915,263.26,1718618
TRV,2024-12-04,259.78,262.23,259.08,261.78,1138110
TRV,2024-12-03,263.15,264.91,260.42,260.59,847671
TRV,2024-12-02,267.21,267.24,263.35,263.51,1095037
TRV,2024-11-29,269.0,269.05,266.04,266.04,770668
TRV,2024-11-27,264.81,268.31,264.81,266.66,1266237
TRV,2024-11-26,262.7,264.115,260.07,263.77,1339159
TRV,2024-11-25,263.6,266.16,260.71,261.22,2616014
TRV,2024-11-22,260.57,262.86,259.72,262.47,1182898
TRV,2024-11-21,257.19,262.15,255.09,260.81,1285463
TRV,2024-11-20,259.5,259.575,254.465,257.19,1190485
TRV,2024-11-19,259.68,260.925,257.78,259.27,977993
TRV,2024-11-18,259.76,262.96,259.435,262.69,1102065
TRV,2024-11-15,257.0,261.13,257.0,260.82,1305442
TRV,2024-11-14,256.44,258.0,255.09,256.52,1047398
TRV,2024-11-13,256.62,258.76,256.25,256.67,891951
TRV,2024-11-12,257.25,259.955,256.98,257.99,930710
TRV,2024-11-11,257.67,260.05,257.43,258.36,1008508
TRV,2024-11-08,254.32,256.95,252.99,256.89,1333510
TRV,2024-11-07,252.82,254.185,250.44,252.28,1721523
TRV,2024-11-06,257.97,257.97,251.32,253.95,1354249
TRV,2024-11-05,245.09,245.09,242.58,244.84,964364
TRV,2024-11-04,245.18,245.88,241.87,242.81,1098313
TRV,2024-11-01,246.58,248.97,245.26,245.64,1450251
TRV,2024-10-31,248.52,250.441,245.74,245.94,1318774
TRV,2024-10-30,249.9,251.61,248.67,250.09,1086137
TRV,2024-10-29,251.3,252.76,248.53,248.67,904881
TRV,2024-10-28,253.76,254.53,252.15,252.37,1115925
TRV,2024-10-25,257.31,257.4,250.44,250.5,942348
UNH,2025-03-20,505.25,514.39,503.51,511.3,4965390
UNH,2025-03-19,505.04,506.35,500.06,503.2,3317606
UNH,2025-03-18,502.24,505.9699,497.82,503.8,3617629
UNH,2025-03-17,487.51,500.6087,485.945,499.02,5152316
UNH,2025-03-14,481.0,489.45,478.24,488.65,3915911
UNH,2025-03-13,479.45,484.06,475.0,481.52,2877044
UNH,2025-03-12,483.14,487.595,478.82,481.11,3681016
UNH,2025-03-11,482.5,486.765,477.14,486.04,4101015
UNH,2025-03-10,492.28,497.85,477.71,480.22,4790405
UNH,2025-03-07,483.83,499.92,483.365,493.48,5434096
UNH,2025-03-06,476.0,488.12,472.0,487.72,4963988
UNH,2025-03-05,471.07,479.075,471.01,475.98,3637102
UNH,2025-03-04,469.75,479.21,466.46,474.61,5864135
UNH,2025-03-03,474.37,477.2749,465.2075,467.05,5700194
UNH,2025-02-28,467.0,476.36,464.48,474.96,6146326
UNH,2025-02-27,466.17,475.3999,465.02,468.56,4216771
UNH,2025-02-26,464.65,473.05,458.2,463.59,5108381
UNH,2025-02-25,460.77,470.76,450.07,470.38,9100970
UNH,2025-02-24,466.675,468.0,457.0,461.52,6919337
UNH,2025-02-21,439.55,469.7,438.5,466.42,19864874
UNH,2025-02-20,505.19,508.4343,500.235,502.42,4144301
UNH,2025-02-19,501.33,511.855,498.15,511.04,4380314
UNH,2025-02-18,510.94,516.0,497.0,500.73,8759280
UNH,2025-02-14,529.0,533.2,522.91,523.51,3705326
UNH,2025-02-13,530.9,534.33,527.1,531.18,2835051
UNH,2025-02-12,539.85,542.35,525.51,527.4,3859241
UNH,2025-02-11,535.0,547.54,528.265,533.92,2632107
UNH,2025-02-10,527.67,534.16,523.38,533.37,3143143
UNH,2025-02-07,529.2,532.3918,525.39,527.03,3349299
UNH,2025-02-06,537.89,539.1,525.27,530.04,3926829
UNH,2025-02-05,530.73,540.7,521.91,539.81,4621558
UNH,2025-02-04,545.2,548.8075,541.51,545.45,2869935
UNH,2025-02-03,542.0,553.91,541.07,548.18,4083572
UNH,2025-01-31,543.24,549.16,541.41,542.49,4120661
UNH,2025-01-30,539.47,547.11,535.0,545.57,2924741
UNH,2025-01-29,541.73,543.4752,534.01,538.1,2737638
UNH,2025-01-28,543.01,546.5,537.8362,542.48,3162659
UNH,2025-01-27,539.98,551.905,539.98,543.52,4262959
UNH,2025-01-24,528.11,534.63,524.51,532.51,3671163
UNH,2025-01-23,527.87,531.48,519.32,529.77,4580802
UNH,2025-01-22,521.66,524.44,516.0,519.72,3756139
UNH,2025-01-21,514.05,525.0,512.82,524.99,5682082
UNH,2025-01-17,505.62,521.82,502.8,509.76,7495719
UNH,2025-01-16,530.35,539.84,510.0,510.59,9059887
UNH,2025-01-15,537.095,546.29,534.33,543.42,4103865
UNH,2025-01-14,539.645,544.55,536.55,543.74,3978259
UNH,2025-01-13,535.045,547.4,533.14,541.14,6472465
UNH,2025-01-10,526.64,535.45,518.47,520.69,5467532
UNH,2025-01-08,514.495,524.67,509.5123,524.52,4141728
UNH,2025-01-07,518.85,519.5,511.22,514.25,3914545
UNH,2025-01-06,513.0,520.3,509.8225,513.67,4444836
UNH,2025-01-03,506.35,516.29,505.38,513.0,3020428
UNH,2025-01-02,508.0,512.11,503.2901,504.51,4237395
UNH,2024-12-31,509.35,511.0,503.34,505.86,4214367
UNH,2024-12-30,506.86,509.73,500.66,507.8,5409047
UNH,2024-12-27,509.42,513.18,507.8,509.99,3471799
UNH,2024-12-26,505.65,512.22,504.73,511.15,3387986
UNH,2024-12-24,504.4,506.1,500.59,506.1,1824393
UNH,2024-12-23,500.76,508.78,499.05,506.34,4285978
UNH,2024-12-20,489.29,502.64,488.73,500.13,10956886
UNH,2024-12-19,500.14,503.65,486.24,489.25,7418073
UNH,2024-12-18,488.43,506.535,486.0,499.72,10147601
UNH,2024-12-17,487.0,495.6,475.82,485.52,14132661
UNH,2024-12-16,518.0,521.7,496.08,498.5,8879986
UNH,2024-12-13,515.64,527.53,510.72,520.48,8202905
UNH,2024-12-12,531.53,534.0,514.19,515.76,9403795
UNH,2024-12-11,555.655,558.1,532.67,533.53,10362991
UNH,2024-12-10,562.0,567.7499,557.0301,565.19,5360590
UNH,2024-12-09,552.0,562.98,544.6412,560.62,7684650
UNH,2024-12-06,582.105,582.105,544.1401,549.62,13003644
UNH,2024-12-05,605.64,608.9899,573.885,578.97,5943684
UNH,2024-12-04,611.02,622.83,606.97,610.79,4147575
UNH,2024-12-03,610.85,615.75,604.82,605.23,2329878
UNH,2024-12-02,614.0,614.0,600.77,608.52,3365099
UNH,2024-11-29,608.8,615.78,606.62,610.2,2010812
UNH,2024-11-27,611.03,617.45,606.7,608.38,2269792
UNH,2024-11-26,608.24,608.47,598.88,606.79,2693612
UNH,2024-11-25,597.58,609.84,595.01,605.83,5146485
UNH,2024-11-22,598.56,601.26,588.675,590.87,3198124
UNH,2024-11-21,600.0,604.0,596.73,597.49,2722929
UNH,2024-11-20,582.71,602.6436,581.55,600.5,3928765
UNH,2024-11-19,582.72,586.835,576.77,577.0,3198346
UNH,2024-11-18,589.44,594.14,585.32,589.65,2577124
UNH,2024-11-15,591.92,598.93,589.95,592.23,3423919
UNH,2024-11-14,603.48,606.0,588.99,593.15,3079199
UNH,2024-11-13,613.0,613.005,603.06,605.87,3409793
UNH,2024-11-12,619.58,624.48,613.775,614.67,2809603
UNH,2024-11-11,616.895,630.73,613.9225,625.25,3003242
UNH,2024-11-08,609.0,619.8,605.2,615.81,3875838
UNH,2024-11-07,598.69,607.6418,596.15,605.45,5254274
UNH,2024-11-06,603.895,605.5,590.8501,596.69,6591301
UNH,2024-11-05,558.28,568.74,554.4,567.03,2608133
UNH,2024-11-04,566.74,568.59,555.415,557.77,2656777
UNH,2024-11-01,565.12,570.325,563.9,567.56,2548368
UNH,2024-10-31,560.88,568.45,560.88,564.5,2490014
UNH,2024-10-30,561.25,570.311,560.95,562.96,2323558
UNH,2024-10-29,562.82,567.68,560.655,562.13,2600448
UNH,2024-10-28,566.25,568.33,562.81,565.24,1826559
UNH,2024-10-25,566.16,571.5,563.61,564.56,2513728
UNH,2024-10-24,564.99,571.7,560.31,560.81,2590197
VZ,2025-03-21,43.79,44.24,43.52,43.99,68445518
VZ,2025-03-20,43.96,43.96,43.375,43.75,18109265
VZ,2025-03-19,44.3,44.32,43.72,43.94,14373277
VZ,2025-03-18,43.72,44.43,43.52,44.23,16254396
VZ,2025-03-17,43.59,43.82,43.085,43.65,15560924
VZ,2025-03-14,43.16,43.765,43.01,43.57,17432087
VZ,2025-03-13,42.765,43.815,42.765,43.71,30708583
VZ,2025-03-12,42.1,42.89,41.1744,42.59,49650796
VZ,2025-03-11,43.24,43.91,42.64,43.43,64142308
VZ,2025-03-10,46.06,47.36,46.06,46.49,39767293
VZ,2025-03-07,44.3,46.2,44.3,46.06,44992096
VZ,2025-03-06,43.0,44.32,42.855,44.23,22845898
VZ,2025-03-05,42.78,43.345,42.38,42.84,18038372
VZ,2025-03-04,44.0,44.48,42.82,42.87,32627504
VZ,2025-03-03,42.96,43.87,42.93,43.87,22333981
VZ,2025-02-28,43.43,43.76,42.61,43.1,25197534
VZ,2025-02-27,43.08,43.42,42.89,43.27,19212253
VZ,2025-02-26,43.54,43.65,42.765,43.18,18651414
VZ,2025-02-25,43.58,43.97,43.495,43.71,24356924
VZ,2025-02-24,42.75,43.625,42.57,43.32,27560550
VZ,2025-02-21,42.43,43.23,42.17,42.76,25465139
VZ,2025-02-20,42.0,42.53,41.8849,42.49,19771748
VZ,2025-02-19,41.35,42.05,41.2819,42.01,21039592
VZ,2025-02-18,40.92,41.22,40.61,41.2,16357712
VZ,2025-02-14,41.14,41.29,40.935,40.99,12438162
VZ,2025-02-13,40.61,41.11,40.42,41.04,17056684
VZ,2025-02-12,40.49,40.6,40.15,40.53,14440250
VZ,2025-02-11,39.98,40.52,39.82,40.49,15182650
VZ,2025-02-10,40.02,40.144,39.82,39.95,16737456
VZ,2025-02-07,39.96,40.11,39.57,39.88,15754822
VZ,2025-02-06,40.23,40.29,39.6742,39.94,15370555
VZ,2025-02-05,40.13,40.31,39.81,40.13,16830456
VZ,2025-02-04,39.78,39.875,39.6,39.81,19190176
VZ,2025-02-03,39.31,40.12,39.146,39.98,27967116
VZ,2025-01-31,39.57,39.935,39.285,39.39,45185371
VZ,2025-01-30,40.35,40.35,39.16,39.47,27913473
VZ,2025-01-29,40.82,40.88,40.05,40.28,24238081
VZ,2025-01-28,40.6,40.805,40.355,40.4,21031887
VZ,2025-01-27,40.15,40.805,40.05,40.64,35520268
VZ,2025-01-24,40.11,40.68,39.37,39.54,37123879
VZ,2025-01-23,39.24,39.4,39.08,39.18,25153547
VZ,2025-01-22,38.885,39.34,38.59,38.95,31488927
VZ,2025-01-21,38.87,39.58,38.79,39.02,25717600
VZ,2025-01-17,38.42,38.969,38.35,38.78,24082097
VZ,2025-01-16,38.13,38.34,37.935,38.34,24678306
VZ,2025-01-15,38.3,38.59,38.07,38.18,27817068
VZ,2025-01-14,38.33,38.345,37.825,38.28,15740091
VZ,2025-01-13,37.94,38.15,37.7412,38.12,19734037
VZ,2025-01-10,38.18,38.23,37.585,37.81,27338366
VZ,2025-01-08,38.91,38.99,38.435,38.94,22901604
VZ,2025-01-07,39.71,39.98,38.83,38.92,31517083
VZ,2025-01-06,40.29,40.33,39.58,39.61,27115031
VZ,2025-01-03,40.32,40.625,40.11,40.26,15229858
VZ,2025-01-02,40.03,40.56,39.98,40.21,22470163
VZ,2024-12-31,39.64,40.03,39.55,39.99,13549928
VZ,2024-12-30,39.8,39.84,39.395,39.6,15671981
VZ,2024-12-27,39.86,40.16,39.65,39.92,15168115
VZ,2024-12-26,39.83,40.17,39.74,39.96,12953131
VZ,2024-12-24,39.9,39.96,39.47,39.8,11712157
VZ,2024-12-23,39.93,40.13,39.83,39.94,21292339
VZ,2024-12-20,39.93,40.39,39.92,39.93,47590856
VZ,2024-12-19,40.05,40.46,39.93,39.97,17859081
VZ,2024-12-18,40.7,41.05,40.21,40.24,19199573
VZ,2024-12-17,40.66,41.1191,40.51,40.78,15374043
VZ,2024-12-16,42.16,42.25,40.81,40.88,30228310
VZ,2024-12-13,42.0,42.4,41.81,42.28,13360403
VZ,2024-12-12,42.06,42.16,41.81,42.08,11232270
VZ,2024-12-11,42.19,42.46,41.89,41.99,13986063
VZ,2024-12-10,42.37,42.645,42.07,42.3,16337172
VZ,2024-12-09,42.465,43.1,42.16,42.36,15570295
VZ,2024-12-06,42.53,42.67,42.015,42.37,15685870
VZ,2024-12-05,42.59,42.87,42.52,42.55,16176866
VZ,2024-12-04,43.73,43.78,42.405,42.52,21431616
VZ,2024-12-03,43.91,44.42,43.7,43.83,15415896
VZ,2024-12-02,44.27,44.32,43.52,43.85,12783890
VZ,2024-11-29,44.38,44.52,44.05,44.34,9023148
VZ,2024-11-27,44.48,44.73,44.37,44.38,12372354
VZ,2024-11-26,43.98,44.5,43.7527,44.37,17247031
VZ,2024-11-25,43.34,44.045,43.31,43.98,28365883
VZ,2024-11-22,42.6,43.335,42.335,43.15,17017421
VZ,2024-11-21,42.22,42.745,42.005,42.5,12534057
VZ,2024-11-20,42.0,42.28,41.75,42.22,14706508
VZ,2024-11-19,42.21,42.23,41.8,41.93,10520611
VZ,2024-11-18,41.67,42.575,41.67,42.25,17409010
VZ,2024-11-15,40.8,41.77,40.8,41.65,21482452
VZ,2024-11-14,41.14,41.255,40.86,40.87,13636571
VZ,2024-11-13,40.4,41.4,40.31,41.14,19953509
VZ,2024-11-12,40.5,40.6,40.0742,40.4,16984576
VZ,2024-11-11,40.47,40.88,40.41,40.44,17116413
VZ,2024-11-08,40.74,40.85,40.42,40.48,21305883
VZ,2024-11-07,41.08,41.19,40.51,40.57,24225531
VZ,2024-11-06,41.44,41.67,40.93,41.16,21957071
VZ,2024-11-05,41.01,41.27,40.83,41.26,12322777
VZ,2024-11-04,41.65,41.77,40.9,41.06,14760870
VZ,2024-11-01,42.12,42.35,41.3,41.36,16682363
VZ,2024-10-31,41.26,42.65,41.245,42.13,31077938
VZ,2024-10-30,41.33,41.51,41.12,41.28,16372594
VZ,2024-10-29,41.315,41.68,41.29,41.33,15072322
VZ,2024-10-28,41.45,41.78,41.39,41.62,13574976
VZ,2024-10-25,41.9,42.18,41.37,41.38,19717360
V,2025-03-21,337.37,339.43,335.52,335.66,17279673
V,2025-03-20,339.0,342.24,337.66,339.5,5432675
V,2025-03-19,336.8,341.0313,334.5,339.87,5615204
V,2025-03-18,335.29,335.8,332.3,334.77,7778631
V,2025-03-17,330.03,336.11,329.76,334.55,6149652
V,2025-03-14,327.21,332.7657,326.3808,331.8,7810970
V,2025-03-13,330.99,336.2,327.7,328.55,7915323
V,2025-03-12,335.97,336.16,329.11,332.84,6295394
V,2025-03-11,338.41,339.61,329.575,332.14,9776072
V,2025-03-10,339.94,345.01,337.64,341.48,8190091
V,2025-03-07,340.87,346.39,339.14,345.32,6358901
V,2025-03-06,345.96,348.87,340.3878,344.16,8611119
V,2025-03-05,350.83,354.1065,348.935,352.68,8244242
V,2025-03-04,360.11,360.27,350.4,352.23,8955804
V,2025-03-03,363.0,366.54,359.5401,361.82,9099607
V,2025-02-28,354.71,364.0,353.7109,362.71,15857344
V,2025-02-27,351.9,360.31,351.675,355.74,7298114
V,2025-02-26,350.0,351.83,348.99,350.63,5960603
V,2025-02-25,351.37,352.5867,346.0,352.09,6191949
V,2025-02-24,348.755,350.8,347.355,349.86,5055927
V,2025-02-21,350.49,353.32,347.48,348.53,6924127
V,2025-02-20,355.23,356.13,349.06,350.49,5697023
V,2025-02-19,356.015,357.15,354.18,355.23,4152269
V,2025-02-18,353.69,356.74,352.4,356.73,5822034
V,2025-02-14,354.43,355.4299,353.22,353.81,5720285
V,2025-02-13,353.12,356.08,350.73,355.63,4279581
V,2025-02-12,349.16,351.83,347.49,351.49,6760066
V,2025-02-11,348.3,352.12,346.25,350.72,5154783
V,2025-02-10,348.7,351.9,347.7,351.23,6067002
V,2025-02-07,348.0,350.7485,347.21,348.02,4261612
V,2025-02-06,349.78,350.65,346.6001,347.48,4294541
V,2025-02-05,346.0,349.4768,345.25,349.44,4939090
V,2025-02-04,344.6,346.01,342.54,345.15,5532573
V,2025-02-03,340.0,346.0,339.24,345.82,8004548
V,2025-01-31,346.47,351.2499,341.71,341.8,8628071
V,2025-01-30,339.51,344.44,339.0,343.05,8081262
V,2025-01-29,334.5,337.11,334.5,335.88,5087286
V,2025-01-28,334.67,337.83,332.89,334.48,5999623
V,2025-01-27,330.0,335.49,328.05,334.54,6636541
V,2025-01-24,328.02,331.085,327.805,330.2,4327755
V,2025-01-23,323.76,328.51,323.57,328.21,5297085
V,2025-01-22,324.77,325.74,322.38,323.56,5026478
V,2025-01-21,320.31,324.58,320.0,323.63,5653341
V,2025-01-17,317.5,320.59,316.71,319.62,5805810
V,2025-01-16,315.75,319.18,315.75,317.25,4606670
V,2025-01-15,313.68,317.1876,313.13,316.28,5222278
V,2025-01-14,308.75,310.16,307.52,309.09,5107901
V,2025-01-13,305.0,306.92,303.84,306.92,9568727
V,2025-01-10,311.2,311.85,305.99,307.71,6660255
V,2025-01-08,311.0,314.04,310.2146,312.6,5161601
V,2025-01-07,312.89,315.19,311.32,311.67,4958641
V,2025-01-06,315.01,315.39,312.07,313.04,6567336
V,2025-01-03,314.18,315.92,312.01,314.91,4271845
V,2025-01-02,317.78,319.68,312.41,314.4,5373059
V,2024-12-31,316.12,317.66,315.1901,316.04,3963824
V,2024-12-30,314.68,317.11,313.23,315.31,3478763
V,2024-12-27,319.27,321.5,317.56,318.66,3489200
V,2024-12-26,319.77,321.45,319.46,320.91,2856059
V,2024-12-24,318.17,321.54,317.28,320.65,2684103
V,2024-12-23,315.65,317.97,313.35,317.22,7984610
V,2024-12-20,313.57,320.0,312.28,317.71,24387016
V,2024-12-19,311.83,316.87,311.23,314.88,8317119
V,2024-12-18,318.5,321.615,309.56,309.78,10479177
V,2024-12-17,315.82,318.84,315.14,318.3,8844349
V,2024-12-16,314.74,317.56,314.1,315.89,6562510
V,2024-12-13,315.83,316.95,314.34,314.74,4682543
V,2024-12-12,314.82,315.55,313.43,314.23,3218540
V,2024-12-11,313.04,315.55,311.215,313.79,4321824
V,2024-12-10,307.36,312.98,306.64,312.38,4539827
V,2024-12-09,311.83,313.01,307.64,308.3,5785297
V,2024-12-06,308.87,312.56,308.8,311.01,4302851
V,2024-12-05,309.98,311.09,308.83,309.08,5200052
V,2024-12-04,312.42,312.85,308.8,309.9,5981759
V,2024-12-03,317.1,317.32,312.77,313.01,5009907
V,2024-12-02,316.9,317.42,313.71,316.65,5597635
V,2024-11-29,314.29,316.25,313.7,315.08,3853281
V,2024-11-27,310.77,316.37,309.49,314.7,5204318
V,2024-11-26,314.2,314.5,311.54,311.82,7071592
V,2024-11-25,311.86,313.66,309.86,313.19,14189302
V,2024-11-22,307.97,311.59,307.9,309.92,5919518
V,2024-11-21,307.3,310.92,306.65,309.9,5757406
V,2024-11-20,311.86,312.29,306.22,307.39,6350282
V,2024-11-19,310.0,312.23,308.51,311.85,4885860
V,2024-11-18,309.48,312.41,308.7,312.16,4585944
V,2024-11-15,307.56,310.72,306.66,309.64,5106284
V,2024-11-14,309.3,311.29,307.83,308.25,4415788
V,2024-11-13,309.49,310.9485,307.84,309.48,4046544
V,2024-11-12,309.04,310.55,308.11,309.85,4616616
V,2024-11-11,310.09,312.44,309.3,310.92,4674088
V,2024-11-08,306.89,311.15,305.69,307.87,6240616
V,2024-11-07,307.5,307.63,304.42,305.8,6237348
V,2024-11-06,306.32,309.0,302.8201,307.4,10320476
V,2024-11-05,291.71,294.78,291.58,293.29,3753721
V,2024-11-04,291.55,293.15,290.76,291.85,4281721
V,2024-11-01,288.49,292.67,287.19,290.74,5471088
V,2024-10-31,292.09,296.34,289.621,289.85,7950228
V,2024-10-30,292.34,295.78,288.33,290.16,9606784
V,2024-10-29,284.27,285.7,281.35,281.88,7534759
V,2024-10-28,282.04,284.64,281.53,284.19,4306240
V,2024-10-25,284.0,285.09,280.7801,281.73,4464561
WMT,2025-03-21,85.28,86.23,84.78,85.98,26797178
WMT,2025-03-20,85.81,87.08,85.515,85.81,18185506
WMT,2025-03-19,85.95,86.785,85.62,86.33,24555857
WMT,2025-03-18,87.44,87.675,85.5,85.59,17850930
WMT,2025-03-17,85.13,87.985,84.98,87.46,26297768
WMT,2025-03-14,84.96,85.37,84.06,85.35,35500647
WMT,2025-03-13,84.94,85.45,83.87,84.5,31507753
WMT,2025-03-12,87.88,89.1,84.88,85.2,33301609
WMT,2025-03-11,87.29,89.345,87.14,87.44,28687586
WMT,2025-03-10,89.76,90.23,86.61,87.82,35029553
WMT,2025-03-07,93.94,93.95,90.76,91.72,35913156
WMT,2025-03-06,94.8,96.19,94.1833,94.64,19957804
WMT,2025-03-05,94.97,96.39,94.75,95.98,17638956
WMT,2025-03-04,95.76,97.05,94.46,94.97,25227673
WMT,2025-03-03,97.98,99.49,96.825,97.59,18372193
WMT,2025-02-28,97.79,98.86,97.17,98.61,25451260
WMT,2025-02-27,95.9,98.0399,95.8092,96.79,16431469
WMT,2025-02-26,97.7,98.725,96.07,96.2,19069721
WMT,2025-02-25,94.35,97.91,94.24,97.69,29331188
WMT,2025-02-24,94.18,94.64,92.12,93.67,29755875
WMT,2025-02-21,96.53,96.85,94.115,94.78,35014806
WMT,2025-02-20,98.78,100.12,96.6808,97.21,55450924
WMT,2025-02-19,103.85,104.2,102.55,104.0,18507981
WMT,2025-02-18,103.72,103.99,102.51,103.78,18247314
WMT,2025-02-14,105.3,105.3,103.6,104.04,14109460
WMT,2025-02-13,104.0,105.24,103.53,105.05,12604413
WMT,2025-02-12,102.12,103.9,102.04,103.61,15162125
WMT,2025-02-11,102.62,102.85,101.85,102.47,11953632
WMT,2025-02-10,101.95,102.93,101.25,102.92,15274644
WMT,2025-02-07,103.0,103.11,101.11,101.15,12451072
WMT,2025-02-06,102.53,103.02,101.94,102.85,13088467
WMT,2025-02-05,100.65,102.58,100.54,102.46,15926717
WMT,2025-02-04,99.97,100.95,99.69,100.77,15201194
WMT,2025-02-03,96.77,99.79,96.47,99.54,20484152
WMT,2025-01-31,99.0,99.0,97.7,98.16,16413893
WMT,2025-01-30,97.69,98.93,97.42,98.65,11012220
WMT,2025-01-29,97.425,98.17,97.22,97.5,11261444
WMT,2025-01-28,97.23,97.84,96.7251,97.29,14641621
WMT,2025-01-27,95.9,97.46,94.82,97.4,18880614
WMT,2025-01-24,93.54,95.01,93.455,94.76,14973773
WMT,2025-01-23,92.96,93.81,92.32,93.81,14198438
WMT,2025-01-22,93.77,94.0,92.52,93.23,15567057
WMT,2025-01-21,92.48,94.24,92.31,93.08,23247451
WMT,2025-01-17,92.07,92.26,91.05,91.94,15868213
WMT,2025-01-16,91.5,91.72,90.12,91.3,13267723
WMT,2025-01-15,91.065,91.725,90.81,91.34,17348174
WMT,2025-01-14,91.86,91.98,90.565,90.79,13549159
WMT,2025-01-13,92.12,92.43,91.1,91.53,18617077
WMT,2025-01-10,92.49,93.575,92.2,93.0,18140864
WMT,2025-01-08,91.11,91.845,90.82,91.8,13453627
WMT,2025-01-07,91.7,91.94,90.45,90.81,11238044
WMT,2025-01-06,90.83,92.47,90.67,91.43,14519858
WMT,2025-01-03,90.15,91.3,90.14,90.78,10834630
WMT,2025-01-02,89.98,90.6,89.52,90.0,14820438
WMT,2024-12-31,90.57,90.94,90.055,90.35,11267652
WMT,2024-12-30,90.73,91.07,90.13,90.57,9790196
WMT,2024-12-27,92.13,92.35,91.03,91.66,11384359
WMT,2024-12-26,92.54,92.875,92.17,92.79,10997611
WMT,2024-12-24,90.37,92.68,90.35,92.68,8992427
WMT,2024-12-23,91.5,91.5,88.91,90.35,26205379
WMT,2024-12-20,93.01,93.7486,91.63,92.24,49350586
WMT,2024-12-19,94.48,94.565,93.36,93.4,16606501
WMT,2024-12-18,95.34,95.895,93.1304,93.55,24665600
WMT,2024-12-17,95.14,95.49,94.32,95.42,23560821
WMT,2024-12-16,94.42,95.705,94.1048,94.87,16741989
WMT,2024-12-13,93.8,94.68,93.04,94.25,11495854
WMT,2024-12-12,95.68,95.715,94.09,94.09,14298626
WMT,2024-12-11,94.54,95.69,94.5,94.96,19682085
WMT,2024-12-10,94.05,95.24,93.77,94.55,13164487
WMT,2024-12-09,95.66,95.94,93.602,93.83,20931082
WMT,2024-12-06,95.54,96.18,95.33,95.7,18803499
WMT,2024-12-05,94.89,95.6,94.34,95.3,21932325
WMT,2024-12-04,93.45,94.515,93.05,94.45,17312575
WMT,2024-12-03,92.78,93.59,92.26,93.51,17775226
WMT,2024-12-02,92.82,92.9887,91.95,92.64,17172953
WMT,2024-11-29,92.26,92.64,91.82,92.5,11041178
WMT,2024-11-27,92.0,92.25,91.31,91.88,14358861
WMT,2024-11-26,89.89,91.88,89.84,91.31,16657022
WMT,2024-11-25,90.5,90.95,89.06,89.5,25078633
WMT,2024-11-22,89.41,90.91,88.93,90.44,23990645
WMT,2024-11-21,87.45,88.64,86.93,88.39,18729222
WMT,2024-11-20,86.6,87.2,85.91,87.18,18183193
WMT,2024-11-19,86.23,88.29,85.91,86.6,36340856
WMT,2024-11-18,84.82,84.85,83.66,84.08,25278121
WMT,2024-11-15,84.53,84.78,83.942,84.25,17370602
WMT,2024-11-14,85.03,85.76,84.34,84.47,15740732
WMT,2024-11-13,84.99,85.79,84.77,85.5,12802622
WMT,2024-11-12,84.5,85.53,84.5,84.99,12860194
WMT,2024-11-11,84.95,85.41,84.12,84.21,10433166
WMT,2024-11-08,84.28,85.42,84.23,84.83,14396543
WMT,2024-11-07,83.72,84.39,83.42,83.85,12665777
WMT,2024-11-06,85.14,85.54,82.06,83.44,19974038
WMT,2024-11-05,82.68,83.77,82.51,83.68,10612489
WMT,2024-11-04,82.2,82.905,82.0,82.45,11731043
WMT,2024-11-01,82.53,82.53,81.54,82.19,12181833
WMT,2024-10-31,81.29,82.44,81.22,81.95,15538968
WMT,2024-10-30,81.6,81.83,81.3,81.39,9268824
WMT,2024-10-29,82.67,82.86,81.665,81.7,9682403
WMT,2024-10-28,82.75,83.08,82.47,82.75,7990186
WMT,2024-10-25,83.2,83.3,82.435,82.51,8959412
DOW,2025-03-21,36.25,36.3552,35.8138,36.17,13257724
DOW,2025-03-20,36.76,37.0,36.5,36.61,5406614
DOW,2025-03-19,37.5,37.72,37.04,37.19,5525055
DOW,2025-03-18,37.77,37.8,37.32,37.61,4865955
DOW,2025-03-17,37.01,37.785,37.01,37.51,5097096
DOW,2025-03-14,36.78,37.18,36.66,36.97,5991563
DOW,2025-03-13,35.68,37.2,35.62,36.23,7958431
DOW,2025-03-12,36.8,36.8,35.73,35.75,6923877
DOW,2025-03-11,37.605,37.7,36.17,36.67,6997427
DOW,2025-03-10,37.36,38.364,37.161,37.4,6271688
DOW,2025-03-07,37.19,37.62,36.76,37.45,8667033
DOW,2025-03-06,37.325,37.69,36.725,37.44,9128453
DOW,2025-03-05,36.26,38.03,36.2,37.78,10393245
DOW,2025-03-04,35.89,36.21,35.48,35.62,8840482
DOW,2025-03-03,38.67,38.69,36.01,36.06,10954273
DOW,2025-02-28,37.8,38.31,37.62,38.11,10056886
DOW,2025-02-27,38.75,38.79,38.16,38.43,7949636
DOW,2025-02-26,39.54,39.57,38.54,38.85,6296757
DOW,2025-02-25,39.19,39.57,38.985,39.23,6180007
DOW,2025-02-24,39.41,39.44,38.895,39.05,7411660
DOW,2025-02-21,39.84,40.09,39.155,39.51,5962877
DOW,2025-02-20,39.0,39.61,38.93,39.59,5747143
DOW,2025-02-19,39.0,39.39,38.79,38.92,6219814
DOW,2025-02-18,38.72,40.02,38.69,39.72,7612272
DOW,2025-02-14,38.83,39.51,38.61,38.67,5387676
DOW,2025-02-13,38.37,38.6654,38.05,38.34,6618988
DOW,2025-02-12,38.38,38.5599,38.0532,38.26,5607387
DOW,2025-02-11,38.65,38.83,38.435,38.63,5446481
DOW,2025-02-10,38.9,39.0,38.15,38.57,5911062
DOW,2025-02-07,38.9,39.025,38.335,38.58,5966185
DOW,2025-02-06,38.22,38.89,38.19,38.77,7610278
DOW,2025-02-05,38.22,38.45,37.72,37.95,6757382
DOW,2025-02-04,37.58,38.92,37.54,38.55,10017063
DOW,2025-02-03,38.2,38.3,36.66,37.38,14986938
DOW,2025-01-31,38.825,39.28,38.41,39.05,12726514
DOW,2025-01-30,39.32,39.48,37.49,38.55,18933247
DOW,2025-01-29,41.23,41.475,40.835,41.05,6765212
DOW,2025-01-28,42.01,42.174,41.28,41.42,6009633
DOW,2025-01-27,41.74,41.97,41.275,41.92,6182677
DOW,2025-01-24,41.72,41.92,41.31,41.37,5111964
DOW,2025-01-23,40.95,41.53,40.9,41.47,5442387
DOW,2025-01-22,41.4,41.465,40.81,40.82,5607274
DOW,2025-01-21,41.32,41.76,41.15,41.58,5583583
DOW,2025-01-17,41.11,41.38,40.985,41.04,6194813
DOW,2025-01-16,40.33,41.05,40.1,40.87,5812295
DOW,2025-01-15,40.48,40.77,40.14,40.4,5446402
DOW,2025-01-14,39.92,40.11,39.66,40.08,4516036
DOW,2025-01-13,38.55,39.69,38.55,39.67,8230615
DOW,2025-01-10,38.72,38.835,38.45,38.5,7833945
DOW,2025-01-08,39.05,39.11,38.33,38.92,6196879
DOW,2025-01-07,39.5,39.945,39.155,39.41,7248827
DOW,2025-01-06,39.8,40.14,39.55,39.75,6899427
DOW,2025-01-03,39.65,39.815,39.2,39.4,6840562
DOW,2025-01-02,40.33,40.6,39.5,39.55,7132450
DOW,2024-12-31,39.54,40.275,39.43,40.13,6867187
DOW,2024-12-30,39.9,39.92,39.23,39.44,7954887
DOW,2024-12-27,40.12,40.695,39.9,40.03,4855001
DOW,2024-12-26,39.99,40.365,39.85,40.22,5276348
DOW,2024-12-24,39.91,40.18,39.43,40.09,3784125
DOW,2024-12-23,39.99,40.26,39.6825,39.97,6718744
DOW,2024-12-20,38.99,40.285,38.8503,39.94,17715602
DOW,2024-12-19,40.06,40.58,39.09,39.1,9553498
DOW,2024-12-18,40.85,41.36,40.11,40.15,11720486
DOW,2024-12-17,40.3,40.946,40.25,40.57,9702667
DOW,2024-12-16,40.35,40.69,40.04,40.11,8419756
DOW,2024-12-13,41.25,41.25,40.4345,40.86,7579972
DOW,2024-12-12,41.37,41.74,41.23,41.28,5738747
DOW,2024-12-11,42.19,42.225,41.26,41.5,7135910
DOW,2024-12-10,42.4,42.565,41.775,42.18,7585167
DOW,2024-12-09,43.855,44.04,42.42,42.73,12855788
DOW,2024-12-06,42.31,42.54,41.73,41.99,8619963
DOW,2024-12-05,42.79,43.02,41.82,42.19,9742450
DOW,2024-12-04,43.55,43.62,42.2202,42.85,10962590
DOW,2024-12-03,44.4,44.49,43.79,43.87,9478496
DOW,2024-12-02,44.28,44.55,43.77,44.38,7611045
DOW,2024-11-29,43.96,44.25,43.653,44.21,4339591
DOW,2024-11-27,44.64,45.08,44.56,44.64,5700962
DOW,2024-11-26,45.48,45.51,44.095,44.54,9225343
DOW,2024-11-25,45.82,46.3508,45.47,45.87,9463744
DOW,2024-11-22,44.76,45.54,44.66,45.46,5494123
DOW,2024-11-21,43.81,45.14,43.6201,44.81,6158155
DOW,2024-11-20,43.55,44.03,43.33,43.93,4808096
DOW,2024-11-19,43.73,44.0,43.35,43.65,6289722
DOW,2024-11-18,44.16,44.55,44.04,44.22,5076831
DOW,2024-11-15,44.57,44.83,44.0,44.04,9814146
DOW,2024-11-14,45.0,45.1331,44.37,44.59,5542368
DOW,2024-11-13,44.9,45.119,44.7,44.99,6000313
DOW,2024-11-12,46.36,46.36,44.91,45.04,7101288
DOW,2024-11-11,46.4,46.98,46.17,46.27,6734720
DOW,2024-11-08,48.59,48.59,46.38,46.49,12571478
DOW,2024-11-07,48.54,48.92,48.02,48.9,20309409
DOW,2024-11-06,49.7,49.7,47.975,48.35,8862773
DOW,2024-11-05,47.8,47.9,47.16,47.9,7193452
DOW,2024-11-04,48.3,48.68,47.4425,47.95,14634380
DOW,2024-11-01,49.5,49.72,48.86,48.97,4980359
DOW,2024-10-31,49.26,49.64,49.165,49.38,4835155
DOW,2024-10-30,49.4,50.14,49.14,49.34,4775741
DOW,2024-10-29,49.84,49.98,49.32,49.48,4900634
DOW,2024-10-28,49.84,50.15,49.47,50.11,6457138
DOW,2024-10-25,50.62,50.73,49.69,49.7,5889713
